Ano,Mês,EVI_mean,EVI_min,EVI_max,EVI_std,SG_mean,SG_min,SG_max,SG_std,Data
0.0,0.09090909090909091,0.7517999242137173,0.8748231196255578,0.5410455595213101,0.10501323514742146,0.6937252512945474,0.7321783584209033,0.6660412757973733,0.16437634596356393,2000-02-01
0.0,0.1818181818181818,0.6338575217885563,0.7571568520735821,0.506613478899853,0.11246312684365795,0.6410295461468168,0.6830445896052258,0.6119449656035021,0.0,2000-03-01
0.0,0.2727272727272727,0.6679613489958318,0.7582453466855339,0.5800965777871089,0.1542527040314652,0.6041730124885775,0.6441351888667993,0.5791119449656035,0.02570281124497935,2000-04-01
0.0,0.36363636363636365,0.6560250094732853,0.7685860454990747,0.5336972496325844,0.11541297935103256,0.6014316174230886,0.6052257881283728,0.6163227016885553,0.23132530120481865,2000-05-01
0.0,0.4545454545454545,0.6700454717696097,0.8267116577772939,0.4526558891454966,0.0023352999016716864,0.5374657325616813,0.5725646123260438,0.5209505941213257,0.0787148594377503,2000-06-01
0.0,0.5454545454545454,0.5531451307313375,0.7132905192119299,0.41234516061305904,0.10680924287118977,0.4511117879987815,0.4882135756887248,0.43652282676672916,0.1004016064257024,2000-07-01
0.0,0.6363636363636364,0.5121258052292534,0.6960923043430934,0.35460844005878644,0.09242871189773846,0.41060006091989,0.456120420335132,0.38868042526579094,0.06827309236947735,2000-08-01
0.0,0.7272727272727273,0.6176582038651002,0.7602046369870468,0.4648330883896703,0.08456243854473963,0.48735912275357907,0.537063334280034,0.45716072545340825,0.015261044176706382,2000-09-01
0.0,0.8181818181818182,0.6359416445623342,0.800696636551649,0.4272517321016166,0.016838741396263686,0.554371002132196,0.5441635898892362,0.5869293308317698,0.32851405622489993,2000-10-01
0.0,0.9090909090909091,0.5799545282303902,0.7760966583215412,0.35061935754776397,0.10501323514742146,0.5950350289369478,0.6401590457256462,0.5647279549718573,0.16437634596356393,2000-11-01
0.0,0.9999999999999999,0.7683781735505872,0.8133231740502884,0.6964098257400798,0.16015240904621442,0.622601279317697,0.6571996591877308,0.6025641025641024,0.04899598393574255,2000-12-01
0.04000000000000625,0.0,0.6374573702159909,0.7381081963644279,0.551333193365526,0.16015240904621442,0.6424002436795612,0.6677080374893497,0.6316447779862413,0.0939759036144567,2001-01-01
0.04000000000000625,0.09090909090909091,0.6298787419477074,0.7894851420485468,0.43543984883476805,0.03429203539823012,0.5893999390801096,0.6148821357568873,0.5809881175734832,0.11325301204819263,2001-02-01
0.04000000000000625,0.1818181818181818,0.6736453201970444,0.7714161314901491,0.5672895234096157,0.1318829891838742,0.6536704233932377,0.6819085487077535,0.639149468417761,0.07309236947791077,2001-03-01
0.04000000000000625,0.2727272727272727,0.7335164835164835,0.857407205834331,0.5341171530547973,0.015363815142576296,0.61117879987816,0.6231184322635616,0.6166353971232019,0.18152610441767109,2001-04-01
0.04000000000000625,0.36363636363636365,0.5428192497158013,0.7470338521824316,0.32437539365945833,0.017207472959685402,0.4587267742918061,0.4785572280602103,0.46278924327704796,0.19518072289156524,2001-05-01
0.04000000000000625,0.4545454545454545,0.497915877226222,0.7260259061717644,0.2653789628385471,0.006391347099311791,0.360188851660067,0.41891508094291396,0.3261413383364602,0.01285140562249024,2001-06-01
0.04000000000000625,0.5454545454545454,0.582701780977643,0.7193860890388591,0.46609279865630904,0.1313913470993118,0.41562595187328644,0.4691848906560635,0.3846153846153846,0.020883534136545933,2001-07-01
0.04000000000000625,0.6363636363636364,0.5631868131868132,0.7538913682377271,0.35628805374763806,0.028146509341199704,0.5065488882120012,0.5467196819085488,0.4859287054409005,0.06184738955823166,2001-08-01
0.04000000000000625,0.7272727272727273,0.669761273209549,0.7781647980842494,0.545664497165652,0.11160275319567367,0.558330795004569,0.6003976143141153,0.5331457160725452,0.0313253012048189,2001-09-01
0.04000000000000625,0.8181818181818182,0.5689655172413793,0.7697833895722215,0.33844215830359015,0.10501323514742146,0.5039597928723728,0.5552399886395912,0.47123202001250775,0.16437634596356393,2001-10-01
0.04000000000000625,0.9090909090909091,0.6060060629026144,0.7448568629585283,0.4686122191895864,0.10410521140609637,0.5383795309168443,0.5535359272933825,0.5437773608505316,0.1911646586345379,2001-11-01
0.04000000000000625,0.9999999999999999,0.6646456991284577,0.7180798955045171,0.6502204492966618,0.2406588003933136,0.6008224185196466,0.6356148821357569,0.5816135084427767,0.056224899598393246,2001-12-01
0.0799999999999983,0.0,0.6748768472906401,0.7298356373135952,0.6502204492966618,0.2273844641101278,0.5548279013097775,0.5938653791536496,0.5331457160725452,0.04979919678714755,2002-01-01
0.0799999999999983,0.09090909090909091,0.5340090943539219,0.7248285620986175,0.34768003359227384,0.055924287118977525,0.5577215961011267,0.5876171542175518,0.545966228893058,0.1004016064257024,2002-02-01
0.0799999999999983,0.1818181818181818,0.8132815460401668,0.9099814955915968,0.6094898173420112,0.00012291052114068828,0.7048431312823634,0.6827605793808579,0.7432770481550968,0.3381526104417667,2002-03-01
0.0799999999999983,0.2727272727272727,0.7705570291777188,0.8776532056166321,0.5771572538316189,0.017699115044247808,0.7685044166920497,0.7719397898324339,0.7757973733583488,0.16947791164658588,2002-04-01
0.0799999999999983,0.36363636363636365,0.6549829480863963,0.807227604223359,0.45685492336762545,0.026794493608653006,0.6404203472433748,0.6566316387389947,0.6397748592870545,0.14618473895582265,2002-05-01
0.0799999999999983,0.4545454545454545,0.6735505873436907,0.8014585827800151,0.5091328994331304,0.06391347099311705,0.5854401462077364,0.6160181766543597,0.5716072545340836,0.08594377510040101,2002-06-01
0.0799999999999983,0.5454545454545454,0.6138688897309587,0.7738108196364427,0.43019105605710695,0.048918387413962816,0.5074626865671642,0.5418915080942913,0.49312070043777356,0.09397590361445783,2002-07-01
0.0799999999999983,0.6363636363636364,0.5112732095490715,0.7335365189942309,0.2804954860382112,0.006760078662733683,0.4543100822418519,0.5075262709457541,0.4218261413383364,0.008032128514055692,2002-08-01
0.0799999999999983,0.7272727272727273,0.6304471390678287,0.7838249700663981,0.44761704807894187,0.047812192723697314,0.5516296070667069,0.5501278046009658,0.5747342088805503,0.2803212851405623,2002-09-01
0.0799999999999983,0.8181818181818182,0.7084122773777946,0.8498965930118645,0.49296661767793404,0.10501323514742146,0.543557721596101,0.5921613178074411,0.5118824265165727,0.16437634596356393,2002-10-01
0.0799999999999983,0.9090909090909091,0.6700454717696097,0.8153913138129965,0.47449086710056676,0.0279006882989185,0.5010660980810234,0.5435955694404998,0.4781113195747342,0.05060240963855369,2002-11-01
0.0799999999999983,0.9999999999999999,0.4881583933308071,0.5572003918580603,0.5693890405206802,0.37499999999999994,0.49862930246725534,0.5430275489917636,0.473733583489681,0.04096385542168573,2002-12-01
0.12000000000000455,0.0,0.6623721106479727,0.730379884619571,0.6214570648750787,0.20993117010816134,0.5577215961011269,0.60266969610906,0.5293933708567855,0.015261044176706382,2003-01-01
0.12000000000000455,0.09090909090909091,0.6605721864342554,0.8188744965712418,0.446777241234516,0.007743362831858493,0.5380749314651233,0.49673388241976724,0.6056910569105689,0.510843373493976,2003-02-01
0.12000000000000455,0.1818181818181818,0.5546608563849943,0.6977250462610209,0.44572748267898377,0.143928220255654,0.46786475784343573,0.48310139165009935,0.47654784240150083,0.2176706827309234,2003-03-01
0.12000000000000455,0.2727272727272727,0.5991852974611596,0.700337433329705,0.5393659458324586,0.19579646017699126,0.4931465123362774,0.5418915080942913,0.46372732958098806,0.018473895582328655,2003-04-01
0.12000000000000455,0.36363636363636365,0.5803334596438045,0.7383258952868182,0.42431240814612636,0.08554572271386443,0.4923850137069753,0.5350752627094576,0.4696685428392746,0.053012048192769834,2003-05-01
0.12000000000000455,0.4545454545454545,0.5422508525956802,0.7543267660825078,0.3090489187486878,0.0,0.4704538531830643,0.5015620562340245,0.46153846153846145,0.12690763052208787,2003-06-01
0.12000000000000455,0.5454545454545454,0.5900909435392194,0.7381081963644279,0.44635733781230313,0.09869714847590956,0.38897349984770024,0.44674808293098567,0.3545966228893058,0.00722891566265069,2003-07-01
0.12000000000000455,0.6363636363636364,0.4381394467601364,0.6448242081201697,0.2895234096157884,0.11221730580137676,0.39674078586658534,0.45157625674524293,0.365228267667292,0.020883534136545933,2003-08-01
0.12000000000000455,0.7272727272727273,0.6573512694202348,0.8062479590726025,0.46399328154524466,0.0320796460176993,0.4244593359731953,0.44561204203351334,0.42870544090056284,0.20080321285140587,2003-09-01
0.12000000000000455,0.8181818181818182,0.5378931413414172,0.7519320779362141,0.30401007768213306,0.10501323514742146,0.5310691440755405,0.5805168986083499,0.4990619136960599,0.16437634596356393,2003-10-01
0.12000000000000455,0.9090909090909091,0.6677718832891246,0.803962120387504,0.49149695570018903,0.050762045231071924,0.6366128540968624,0.5021300766827607,0.8020637898686678,1.0,2003-11-01
0.12000000000000455,0.9999999999999999,0.7157067070860175,0.8522912811581581,0.5045139617887885,0.003810226155359076,0.21245811757538846,0.21499573984663445,0.24734208880550335,0.3871485943775104,2003-12-01
0.1599999999999966,0.0,0.0,0.0,0.5622506823430612,0.9999999999999999,0.07477916539750229,0.1499573984663447,0.03627267041901194,0.02891566265060276,2004-01-01
0.1599999999999966,0.09090909090909091,0.6257104964001515,0.7436595188853814,0.5145916439218979,0.1323746312684366,0.35546756015839176,0.3013348480545299,0.4459036898061288,0.6530120481927714,2004-02-01
0.1599999999999966,0.1818181818181818,0.6756347101174688,0.815717862196582,0.4862481629225278,0.03441494591937081,0.649406031069144,0.5756887247940926,0.7473420888055031,0.651405622489959,2004-03-01
0.1599999999999966,0.2727272727272727,0.5456612353164076,0.7345161641449874,0.3548183917698928,0.049164208456244016,0.5639658848614072,0.5924453280318093,0.5534709193245777,0.10602409638554193,2004-04-01
0.1599999999999966,0.36363636363636365,0.7329480863963622,0.8612169369761619,0.5255091328994331,0.0060226155358899,0.57721596101127,0.6180062482249361,0.5525328330206378,0.0313253012048189,2004-05-01
0.1599999999999966,0.4545454545454545,0.6468359226979916,0.7882877979753999,0.4753306739449926,0.058997050147492645,0.6474261346329574,0.6884407838682193,0.6191369606003752,0.0032128514056211405,2004-06-01
0.1599999999999966,0.5454545454545454,0.6720348616900341,0.8197452922608033,0.4705017845895444,0.02064896755162259,0.5750837648492232,0.6140301050837832,0.5525328330206378,0.042570281124496866,2004-07-01
0.1599999999999966,0.6363636363636364,0.5691549829480863,0.7645586154348535,0.34893974385891247,0.011799410029498596,0.46969235455376157,0.4799772791820506,0.4837398373983739,0.24497991967871505,2004-08-01
0.1599999999999966,0.7272727272727273,0.47233800682076543,0.6731250680309132,0.3107285324375394,0.09267453294001966,0.320743222662199,0.34308435103663726,0.3286429018136334,0.23373493975903595,2004-09-01
0.1599999999999966,0.8181818181818182,0.4935581659719589,0.724502013715032,0.2586605080831408,0.004178957718780793,0.3537922631739262,0.3851178642431129,0.3502188868042526,0.17028112449799201,2004-10-01
0.1599999999999966,0.9090909090909091,0.4674118984463812,0.7114400783716119,0.22590804115053542,0.10501323514742146,0.43420651842826674,0.49020164725930127,0.39962476547842396,0.16437634596356393,2004-11-01
0.1599999999999966,0.9999999999999999,0.6153846153846153,0.7341896157614018,0.5099727062775562,0.1403638151425763,0.27825159914712116,0.24708889520022714,0.34709193245778613,0.5526104417670679,2004-12-01
0.20000000000000284,0.0,0.16530882910193256,0.48144116686622396,0.0,0.127212389380531,0.011270179713676609,0.06447032093155358,0.0,0.17751004016064267,2005-01-01
0.20000000000000284,0.09090909090909091,0.3369647593785525,0.5219331664308261,0.30233046399328156,0.2584808259587021,0.0,0.0,0.04784240150093799,0.4827309236947794,2005-02-01
0.20000000000000284,0.1818181818181818,0.5100416824554755,0.7326657233046696,0.27944572748267893,0.007128810226155399,0.43039902528175455,0.40130644703209317,0.48968105065666023,0.48273092369477827,2005-03-01
0.20000000000000284,0.2727272727272727,0.7265062523683211,0.8199629911831936,0.5908041150535376,0.09083087512291056,0.6125494974109044,0.6535075262709457,0.5859912445278297,0.016867469879517517,2005-04-01
0.20000000000000284,0.36363636363636365,0.6439939370973853,0.7848046152171546,0.4757505773672056,0.06317600786627342,0.5694486749923849,0.6003976143141153,0.5559724828017509,0.08995983935742942,2005-05-01
0.20000000000000284,0.4545454545454545,0.5515346722243274,0.7373462501360617,0.362376653369725,0.05039331366765003,0.5278708498324701,0.569440499857995,0.5046904315196998,0.04578313253012028,2005-06-01
0.20000000000000284,0.5454545454545454,0.7099280030314512,0.8467399586372046,0.5024144446777242,0.00884955752212399,0.5455376180322872,0.540755467196819,0.5725453408380237,0.3012048192771083,2005-07-01
0.20000000000000284,0.6363636363636364,0.5814702538840469,0.7032763687819745,0.49443627965567905,0.1661750245821043,0.3845568077977458,0.40130644703209317,0.3955597248280176,0.2409638554216866,2005-08-01
0.20000000000000284,0.7272727272727273,0.331659719590754,0.5158375966038967,0.30233046399328156,0.2653638151425763,0.22860188851660068,0.2882703777335984,0.19981238273921198,0.05783132530120438,2005-09-01
0.20000000000000284,0.8181818181818182,0.48256915498294806,0.7201480352672254,0.24270417803905098,0.10501323514742146,0.3988729820286322,0.4572564612326043,0.363352095059412,0.16437634596356393,2005-10-01
0.20000000000000284,0.9090909090909091,0.6410572186434255,0.7919886796560356,0.4553852613898802,0.04314159292035412,0.5517819067925677,0.49673388241976724,0.6338336460287679,0.5831325301204817,2005-11-01
0.20000000000000284,0.9999999999999999,0.7083175445244411,0.7383258952868182,0.7079571698509343,0.2515978367748279,0.7141334145598534,0.7020732746378869,0.7410881801125702,0.2779116465863451,2005-12-01
0.23999999999999488,0.0,0.8219022356953389,0.8772178077718514,0.6917908880957381,0.08529990167158306,0.8706975327444407,0.8733314399318376,0.8739837398373984,0.1349397590361447,2006-01-01
0.23999999999999488,0.09090909090909091,0.9144562334217505,0.9374115598127789,0.7808104136048709,0.06944444444444453,0.8504416692049951,0.8773075830729905,0.8280175109443402,0.005622489959839551,2006-02-01
0.23999999999999488,0.1818181818181818,0.6269420234937474,0.7587895939915097,0.4881377283224858,0.09980334316617506,0.6870240633566854,0.6907128656631639,0.6979362101313318,0.1991967871485936,2006-03-01
0.23999999999999488,0.2727272727272727,0.6679613489958318,0.8240992707086099,0.45307579256770936,0.005530973451327494,0.51858056655498,0.5563760295370633,0.5,0.07068273092369462,2006-04-01
0.23999999999999488,0.36363636363636365,0.5759757483895415,0.773375421791662,0.3470501784589545,0.0007374631268437817,0.49832470301553455,0.5418915080942913,0.47435897435897423,0.04578313253012028,2006-05-01
0.23999999999999488,0.4545454545454545,0.5527661993179235,0.7501904865570914,0.34033172370354825,0.022984267453294103,0.40496497106305196,0.4618006248224936,0.3708567854909317,0.006425702811244553,2006-06-01
0.23999999999999488,0.5454545454545454,0.5141151951496779,0.7331011211494503,0.2876338442158304,0.01143067846607688,0.45004568991775795,0.470604941777904,0.45372107567229514,0.19437751004016135,2006-07-01
0.23999999999999488,0.6363636363636364,0.5999431602879878,0.7454011102645041,0.4541255511232416,0.09500983284169134,0.41227535790435577,0.4575404714569725,0.3905565978736709,0.06907630522088234,2006-08-01
0.23999999999999488,0.7272727272727273,0.40214096248579,0.5516490693371068,0.3894604241024564,0.27593411996066863,0.3195248248553152,0.35075262709457544,0.3176985616010004,0.18393574297188725,2006-09-01
0.23999999999999488,0.8181818181818182,0.6862447896930656,0.8371612060520299,0.46840226747848,0.10501323514742146,0.21946390496497103,0.2899744390798068,0.17917448405253267,0.16437634596356393,2006-10-01
0.23999999999999488,0.9090909090909091,0.423076923076923,0.615108305213889,0.31345790468192314,0.1597836774827925,0.32592141334145597,0.35643283158193706,0.32457786116322707,0.18554216867469836,2006-11-01
0.23999999999999488,0.9999999999999999,0.6683402804092459,0.7819745292260802,0.5351669116103296,0.10115535889872176,0.4352726165092903,0.48168134052825906,0.41119449656035023,0.05381526104417597,2006-12-01
0.28000000000000114,0.0,0.5920803334596437,0.5612278219222815,0.7919378542935124,0.5007374631268436,0.6558026195552843,0.6600397614314116,0.6676047529706064,0.20803212851405545,2007-01-01
0.28000000000000114,0.09090909090909091,0.7795566502463054,0.8851638184390986,0.5826159983203861,0.01241396263520169,0.7123058178495277,0.7381425731326329,0.6976235146966852,0.06425702811244893,2007-02-01
0.28000000000000114,0.1818181818181818,0.641151951496779,0.7493196908675301,0.5378962838547133,0.1396263520157327,0.6882424611635699,0.6305026980971314,0.7667292057535959,0.5461847389558233,2007-03-01
0.28000000000000114,0.2727272727272727,0.7007389162561576,0.7999346903232828,0.5723283644761704,0.10263028515240898,0.5441669204995431,0.5754047145697246,0.5315822388993119,0.0979919678714851,2007-04-01
0.28000000000000114,0.36363636363636365,0.5468927624100038,0.7143790138238815,0.3963888305689691,0.09623893805309737,0.46101127017971366,0.4856574836694122,0.4596622889305815,0.16706827309236857,2007-05-01
0.28000000000000114,0.4545454545454545,0.50454717696097,0.7086099923805376,0.3136678563930295,0.05432645034414962,0.3982637831251904,0.43822777619994324,0.38305190744215123,0.1044176706827308,2007-06-01
0.28000000000000114,0.5454545454545454,0.6249526335733231,0.7176444976597365,0.5630904891874869,0.19014257620452324,0.4503502893694792,0.5021300766827607,0.4196372732958098,0.01767068273092252,2007-07-01
0.28000000000000114,0.6363636363636364,0.548503220917014,0.7167737019701752,0.395339072013437,0.09292035398230104,0.4587267742918061,0.5100823629650667,0.42808005003126937,0.016867469879517517,2007-08-01
0.28000000000000114,0.7272727272727273,0.5118416066691929,0.7154675084358332,0.31660718034851976,0.04830383480825972,0.41928114529393834,0.4370917353024709,0.4274546591619761,0.22168674698795182,2007-09-01
0.28000000000000114,0.8181818181818182,0.5799545282303902,0.7760966583215412,0.35061935754776397,0.10501323514742146,0.4597928723728296,0.5140585061062198,0.425891181988743,0.16437634596356393,2007-10-01
0.28000000000000114,0.9090909090909091,0.564892004547177,0.7148144116686621,0.43543984883476805,0.11860865290068837,0.5016752969844652,0.4825333712013634,0.5465916197623513,0.39919678714859336,2007-11-01
0.28000000000000114,0.9999999999999999,0.6340469874952633,0.755741809078045,0.5097627545664497,0.11590462143559496,0.5158391714894911,0.5577960806589036,0.4928080050031267,0.048192771084336415,2007-12-01
0.3200000000000074,0.0,0.4808639636225843,0.5321650157831719,0.6015116523199663,0.4220747295968535,0.38668900395979267,0.44561204203351334,0.3511569731081925,0.0016064257028100023,2008-01-01
0.3200000000000074,0.09090909090909091,0.4926108374384236,0.5773375421791661,0.5404157043879906,0.335299901671583,0.38257691136155925,0.42374325475717123,0.3667917448405251,0.10361445783132466,2008-02-01
0.3200000000000074,0.1818181818181818,0.7181697612732095,0.8020028300859909,0.606970396808734,0.12057522123893817,0.4692354553761803,0.46151661459812565,0.5031269543464665,0.3469879518072286,2008-03-01
0.3200000000000074,0.2727272727272727,0.5385562713148919,0.744639164036138,0.3195465043040101,0.01708456243854489,0.4954310082241852,0.5228628230616302,0.4893683552220136,0.13815261044176697,2008-04-01
0.3200000000000074,0.36363636363636365,0.5850701023114814,0.7715249809513443,0.37077472181398274,0.016715830875123,0.41501675296984464,0.4535643283158194,0.40056285178236384,0.10602409638554193,2008-05-01
0.3200000000000074,0.4545454545454545,0.559492231906025,0.7475780994884074,0.36027713625866054,0.037610619469026794,0.49695400548279,0.5339392218119853,0.48030018761726057,0.08353413654618373,2008-06-01
0.3200000000000074,0.5454545454545454,0.6567828723001137,0.8171329051921192,0.4417384001679613,0.006760078662733683,0.5328967407858664,0.5751207043453567,0.5087554721701062,0.04016064257028072,2008-07-01
0.3200000000000074,0.6363636363636364,0.6132057597574838,0.7818656797648851,0.4131849674574848,0.0298672566371683,0.5647273834907095,0.602385685884692,0.5440900562851783,0.05381526104417597,2008-08-01
0.3200000000000074,0.7272727272727273,0.6665403561955285,0.8073364536845542,0.48225908041150534,0.04154375614552621,0.5810234541577824,0.6038057370065323,0.5759849906191368,0.13172690763052128,2008-09-01
0.3200000000000074,0.8181818181818182,0.6776241000378931,0.7977577010993795,0.5252991811883266,0.07755653883972474,0.6128540968626252,0.6458392502130078,0.5950594121325827,0.061847389558232796,2008-10-01
0.3200000000000074,0.9090909090909091,0.7205380826070481,0.8568629585283553,0.5064035271887467,0.10501323514742146,0.7250989948218093,0.7614314115308153,0.6982489055659786,0.16437634596356393,2008-11-01
0.3200000000000074,0.9999999999999999,0.7035809018567639,0.7816479808424948,0.6138988032752467,0.14761553588987222,0.6657021017362167,0.6642999147969327,0.6832395247029392,0.23614457831325208,2008-12-01
0.35999999999999943,0.0,0.6083743842364532,0.6565799499292477,0.6441318496745748,0.3065388397246804,0.5761498629302467,0.5967054813973304,0.5737961225766104,0.14618473895582265,2009-01-01
0.35999999999999943,0.09090909090909091,0.6423834785903751,0.7216719277239576,0.5939533907201345,0.20366273352999026,0.51858056655498,0.5134904856574837,0.5472170106316447,0.3132530120481924,2009-02-01
0.35999999999999943,0.1818181818181818,0.5767336112163698,0.6539675628605638,0.5790468192315769,0.2713864306784662,0.4782211392019494,0.4941777904004544,0.4856160100062539,0.20963855421686772,2009-03-01
0.35999999999999943,0.2727272727272727,0.568397120121258,0.7215630782627624,0.43019105605710695,0.10791543756145527,0.47502284495887903,0.49247372905424613,0.48092557848655404,0.2024096385542159,2009-04-01
0.35999999999999943,0.36363636363636365,0.6898446381205001,0.8359638619788832,0.47868990132269573,0.007128810226155399,0.5692963752665244,0.5489917637034932,0.6122576610381487,0.3799196787148597,2009-05-01
0.35999999999999943,0.4545454545454545,0.6487305797650624,0.7580276477631435,0.5378962838547133,0.12979351032448389,0.6251903746573252,0.6302186878727635,0.6375859912445276,0.21526104417670613,2009-06-01
0.35999999999999943,0.5454545454545454,0.6450359984842744,0.7838249700663981,0.47994961158933447,0.0667404129793513,0.5307645446238195,0.5776767963646691,0.5015634771732331,0.01445783132530138,2009-07-01
0.35999999999999943,0.6363636363636364,0.5393141341417204,0.6972896484162403,0.4125551123241654,0.12499999999999999,0.4527870849832468,0.48026128940641855,0.44871794871794846,0.15421686746987948,2009-08-01
0.35999999999999943,0.7272727272727273,0.5758810155361879,0.7159029062806139,0.4576947302120513,0.13040806293018697,0.5801096558026194,0.540755467196819,0.6435272045028142,0.4835341365461844,2009-09-01
0.35999999999999943,0.8181818181818182,0.7595680181887079,0.8792859475345597,0.5496535796766745,0.10501323514742146,0.5609198903441973,0.6083499005964216,0.5297060662914321,0.16437634596356393,2009-10-01
0.35999999999999943,0.9090909090909091,0.7660098522167487,0.8581691520626972,0.6046609279865632,0.055801376597836835,0.5904660371611329,0.5859130928713435,0.6150719199499686,0.2827309236947785,2009-11-01
0.35999999999999943,0.9999999999999999,0.617942402425161,0.5195384782845325,0.9296661767793407,0.628441494591937,0.6911361559549193,0.7097415506958252,0.6854283927454659,0.11325301204819263,2009-12-01
0.4000000000000057,0.0,0.7642099280030313,0.7875258517470338,0.7369305059836236,0.21300393313667645,0.7438318611026499,0.7506390230048282,0.7485928705440901,0.15983935742971903,2010-01-01
0.4000000000000057,0.09090909090909091,0.7298219022356952,0.8366169587460541,0.566029813142977,0.05752212389380526,0.6985988425220832,0.6174382277761999,0.8023764853033144,0.6746987951807223,2010-02-01
0.4000000000000057,0.1818181818181818,0.6534672224327396,0.8159355611189724,0.4366995591014067,0.005162241887905777,0.6197075845263477,0.6424311275205908,0.612883051907442,0.1172690763052199,2010-03-01
0.4000000000000057,0.2727272727272727,0.7023493747631676,0.7930771742679872,0.5891245013646861,0.12020648967551628,0.6658544014620772,0.694689008804317,0.6500938086303938,0.06506024096385507,2010-04-01
0.4000000000000057,0.36363636363636365,0.6995073891625614,0.8220311309459016,0.5269787948771781,0.05113077679449381,0.5770636612854095,0.5739846634478841,0.6006879299562227,0.2795180722891562,2010-05-01
0.4000000000000057,0.4545454545454545,0.4461917392951875,0.6293675846304561,0.3371824480369515,0.1575712881022617,0.41623515077672846,0.4521442771939791,0.4046278924327704,0.12048192771084218,2010-06-01
0.4000000000000057,0.5454545454545454,0.5846911708980674,0.7386524436704037,0.43334033172370356,0.09046214355948884,0.3996344806579347,0.4535643283158194,0.36898061288305195,0.02489959839357321,2010-07-01
0.4000000000000057,0.6363636363636364,0.6185107995452823,0.7519320779362141,0.4826789838337182,0.10435103244837775,0.5622905878769419,0.5566600397614315,0.589430894308943,0.2995983935742972,2010-08-01
0.4000000000000057,0.7272727272727273,0.6702349374763168,0.811799281593556,0.48183917698929235,0.03625860373647992,0.5566554980201034,0.5748366941209883,0.5578486554096309,0.16706827309236974,2010-09-01
0.4000000000000057,0.8181818181818182,0.6699507389162561,0.8278001523892456,0.4503464203233256,0.10501323514742146,0.5304599451720985,0.5799488781596137,0.49843652282676665,0.16437634596356393,2010-10-01
0.4000000000000057,0.9090909090909091,0.5766388783630163,0.7516055295526287,0.39051018265798865,0.050762045231071924,0.6002132196162046,0.6404430559500142,0.5750469043151969,0.02570281124497935,2010-11-01
0.4000000000000057,0.9999999999999999,0.7958507010231148,0.8987700010884945,0.5924837287423893,0.0028269419862342656,0.7241851964666458,0.7324623686452713,0.7282676672920574,0.1590361445783129,2010-12-01
0.4399999999999977,0.0,0.8481432360742704,0.889300097964515,0.7266428721394079,0.09205998033431657,0.9230886384404505,0.9119568304458959,0.9390243902439022,0.1927710843373491,2011-01-01
0.4399999999999977,0.09090909090909091,0.8768472906403939,0.8772178077718514,0.8135628805374763,0.1565880039331367,0.7543405421870238,0.7563192274921898,0.7639149468417761,0.1831325301204811,2011-02-01
0.4399999999999977,0.1818181818181818,0.5035051155740811,0.6050941547839337,0.5110224648330884,0.2867502458210423,0.5892476393542491,0.6043737574552684,0.5922451532207629,0.17188755020080312,2011-03-01
0.4399999999999977,0.2727272727272727,0.640299355816597,0.7934037226515728,0.450976275456645,0.03896263520157332,0.5208650624428875,0.5683044589605227,0.49155722326454043,0.015261044176706382,2011-04-01
0.4399999999999977,0.36363636363636365,0.6205949223190602,0.7567214542288014,0.4780600461893765,0.09623893805309737,0.5653365823941517,0.5782448168134054,0.5719199499687302,0.19357429718875407,2011-05-01
0.4399999999999977,0.4545454545454545,0.5930276619931792,0.725155110482203,0.47785009447827,0.13176007866273368,0.5236064575083762,0.5637602953706334,0.5021888680425264,0.0554216867469871,2011-06-01
0.4399999999999977,0.5454545454545454,0.6362258431223948,0.7681506476542941,0.4906571488557633,0.09070796460177004,0.4692354553761803,0.5029821073558648,0.45747342088805487,0.11244979919678649,2011-07-01
0.4399999999999977,0.6363636363636364,0.544145509662751,0.7397409382823554,0.3413814822590805,0.035398230088495616,0.43146512336277787,0.46776483953422343,0.4186991869918697,0.11244979919678649,2011-08-01
0.4399999999999977,0.7272727272727273,0.5999431602879878,0.7197126374224447,0.5036741549443627,0.153023598820059,0.5054827901309774,0.5225788128372623,0.5103189493433393,0.1927710843373491,2011-09-01
0.4399999999999977,0.8181818181818182,0.7237589996210686,0.8587133993686731,0.5099727062775562,0.10501323514742146,0.7089552238805968,0.7463788696393071,0.6816760475297059,0.16437634596356393,2011-10-01
0.4399999999999977,0.9090909090909091,0.7675255778704054,0.8787417002285838,0.5683392819651482,0.011307767944936365,0.8260737130673165,0.83016188582789,0.8298936835522202,0.14377510040160651,2011-11-01
0.4399999999999977,0.9999999999999999,0.8498484274346343,0.8392293458147381,0.8269997900482889,0.20735004916420866,0.8668900395979285,0.8835558080090883,0.8549093183239524,0.057028112449799384,2011-12-01
0.480000000000004,0.0,0.8219969685486925,0.8898443452704907,0.6676464413184967,0.05690757128810233,0.8365823941516902,0.8491905708605508,0.8305190744215134,0.09156626506024056,2012-01-01
0.480000000000004,0.09090909090909091,0.7500947328533536,0.8558833133775987,0.5737980264539156,0.040314650934120025,0.7614986293024671,0.7813121272365807,0.7510944340212633,0.07951807228915644,2012-02-01
0.480000000000004,0.1818181818181818,0.7125805229253505,0.834548818983346,0.5318076842326266,0.03982300884955762,0.6915930551325006,0.7151377449588184,0.6804252657911192,0.08514056224899601,2012-03-01
0.480000000000004,0.2727272727272727,0.6890867752936718,0.8164798084249483,0.5145916439218979,0.05014749262536883,0.6399634480657933,0.6728202215279752,0.6210131332082551,0.052208835341364834,2012-04-01
0.480000000000004,0.36363636363636365,0.6540356195528609,0.7815391313812996,0.5043040100776822,0.08357915437561464,0.6029546146816934,0.6356148821357569,0.5859912445278297,0.06746987951807121,2012-05-01
0.480000000000004,0.4545454545454545,0.6589617279272452,0.8175683030368999,0.44572748267898377,0.008603736479842788,0.5406640268047517,0.5745526838966203,0.5253283302063789,0.08433734939758987,2012-06-01
0.480000000000004,0.5454545454545454,0.5879120879120879,0.7668444541199521,0.3861011967247533,0.03097345132743362,0.5088333840999083,0.5464356716841806,0.49093183239524696,0.07550200803212805,2012-07-01
0.480000000000004,0.6363636363636364,0.6378363016294051,0.7794709916185913,0.4723913499895024,0.06723205506391354,0.6420956442278404,0.6074978699233172,0.6973108192620388,0.43293172690762954,2012-08-01
0.480000000000004,0.7272727272727273,0.7593785524820008,0.8703602917165559,0.5664497165651902,0.019665683382497606,0.5708193725251293,0.5399034365237149,0.6253908692933081,0.43935742971887526,2012-09-01
0.480000000000004,0.8181818181818182,0.36187949981053424,0.44954827473604,0.497165651900063,0.4542772861356933,0.3952177886079805,0.4052825901732463,0.4130706691682302,0.27469879518072277,2012-10-01
0.480000000000004,0.9090909090909091,0.47821144372868507,0.7176444976597365,0.23787528868360275,0.10501323514742146,0.2627170271093512,0.33030389094007384,0.22357723577235755,0.16437634596356393,2012-11-01
0.480000000000004,0.9999999999999999,0.6547934823796893,0.7234135191030804,0.6180978374973755,0.21583087512291058,0.46512336277794686,0.43936381709741557,0.5190744215134457,0.45060240963855436,2012-12-01
0.519999999999996,0.0,0.8262599469496021,0.8317187329922716,0.7892084820491286,0.19370698131760075,0.7529698446542795,0.7631354728770238,0.7535959974984363,0.13734939759036083,2013-01-01
0.519999999999996,0.09090909090909091,0.694012883668056,0.8219222814847066,0.5150115473441109,0.044247787610619614,0.7736826073713067,0.7645555239988641,0.7945590994371479,0.23855421686746822,2013-02-01
0.519999999999996,0.1818181818181818,0.7796513830996589,0.8531620768477195,0.6445517530967878,0.08480825958702083,0.7209869022235754,0.7324623686452713,0.7217010631644776,0.14216867469879427,2013-03-01
0.519999999999996,0.2727272727272727,0.6915498294808639,0.8145205181234352,0.5238295192105816,0.057767944936086627,0.7403289674078585,0.7742118716273786,0.7154471544715444,0.008032128514055692,2013-04-01
0.519999999999996,0.36363636363636365,0.7441265630920803,0.8568629585283553,0.5586815032542515,0.0303588987217307,0.6739262869326833,0.6935529679068447,0.667917448405253,0.11405622489959763,2013-05-01
0.519999999999996,0.4545454545454545,0.669571807502842,0.7851311636007401,0.5318076842326266,0.09562438544739445,0.6765153822723117,0.7026412950866233,0.6632270168855532,0.07630522088353303,2013-06-01
0.519999999999996,0.5454545454545454,0.736737400530504,0.8624142810493087,0.5315977325215199,0.008235004916420896,0.6871763630825464,0.7185458676512356,0.6676047529706064,0.042570281124496866,2013-07-01
0.519999999999996,0.6363636363636364,0.7204433497536946,0.829977141613149,0.5580516481209322,0.060349065880039514,0.6463600365519341,0.6498153933541609,0.6594746716697935,0.21606425702811113,2013-08-01
0.519999999999996,0.7272727272727273,0.6170898067449792,0.776640905627517,0.43187066974595845,0.04670599803343181,0.5813280536095035,0.6074978699233172,0.5725453408380237,0.11244979919678649,2013-09-01
0.519999999999996,0.8181818181818182,0.5318302387267905,0.7484488951779688,0.29729162292672684,0.10501323514742146,0.5490405117270788,0.5972735018460665,0.5175109443402126,0.16437634596356393,2013-10-01
0.519999999999996,0.9090909090909091,0.7386320575975749,0.7582453466855339,0.7367205542725174,0.24594395280235987,0.6926591532135239,0.7043453564328316,0.6944965603502187,0.15180722891566223,2013-11-01
0.519999999999996,0.9999999999999999,0.8550587343690792,0.9056275171437901,0.7104765903842117,0.06415929203539825,0.7515991471215347,0.7719397898324339,0.7410881801125702,0.08032128514056144,2013-12-01
0.5600000000000023,0.0,0.6673929518757105,0.799390443017307,0.49947512072223377,0.06059488692232055,0.7523606457508375,0.7398466344788414,0.7779862414008754,0.26586345381525983,2014-01-01
0.5600000000000023,0.09090909090909091,0.8152709359605912,0.8539240230760856,0.722023934495066,0.12930186823992132,0.7563204386232104,0.7904004544163591,0.730456535334584,0.0008032128514055346,2014-02-01
0.5600000000000023,0.1818181818181818,0.7519893899204244,0.8407532382714704,0.6071803485198405,0.07694198623402183,0.821352421565641,0.8185174666287988,0.8330206378986866,0.18473895582329225,2014-03-01
0.5600000000000023,0.2727272727272727,0.7890299355816597,0.8901708936540763,0.5939533907201345,0.013397246804326676,0.718854706061529,0.7145697245100825,0.7370231394621636,0.2321285140562248,2014-04-01
0.5600000000000023,0.36363636363636365,0.6792345585449033,0.7607488842930226,0.6002519420533278,0.16322517207472972,0.6571733170880291,0.6631638738994604,0.6669793621013131,0.1975903614457825,2014-05-01
0.5600000000000023,0.4545454545454545,0.6519514967790829,0.7905736366604985,0.48225908041150534,0.06047197640118004,0.5479744136460553,0.5930133484805454,0.5200125078173858,0.018473895582328655,2014-06-01
0.5600000000000023,0.5454545454545454,0.5960591133004925,0.700337433329705,0.5324375393659458,0.19174041297935115,0.5921413341455984,0.6358988923601251,0.5634771732332706,0.008835341365460691,2014-07-01
0.5600000000000023,0.6363636363636364,0.7311481621826449,0.8578426036791117,0.5280285534327104,0.011307767944936192,0.6640268047517514,0.6966770803748935,0.6441525953721075,0.044176706827308,2014-08-01
0.5600000000000023,0.7272727272727273,0.6849185297461159,0.8114727332099705,0.5150115473441109,0.056047197640118215,0.660219311605239,0.6603237716557796,0.6763602251407128,0.22971887550200754,2014-09-01
0.5600000000000023,0.8181818181818182,0.6720348616900341,0.8289974964623924,0.4526558891454966,0.10501323514742146,0.6044776119402983,0.6489633626810566,0.5744215134459036,0.16437634596356393,2014-10-01
0.5600000000000023,0.9090909090909091,0.6714664645699128,0.8222488298682921,0.4644131849674574,0.014257620452310797,0.6763630825464512,0.695257029253053,0.6710444027517197,0.1172690763052199,2014-11-01
0.5600000000000023,0.9999999999999999,0.8086396362258432,0.8980080548601284,0.6222968717195044,0.02114060963618482,0.7158087115443191,0.7409826753763135,0.7016885553470917,0.06666666666666621,2014-12-01
0.6000000000000085,0.0,0.6560250094732853,0.8089691956024816,0.4558051648120932,0.024213372664700288,0.6900700578738957,0.7054813973303041,0.6879299562226391,0.13172690763052128,2015-01-01
0.6000000000000085,0.09090909090909091,0.7205380826070479,0.824208120169805,0.5693890405206802,0.07350049164208464,0.7115443192202252,0.7361545015620562,0.6982489055659786,0.07148594377509962,2015-02-01
0.6000000000000085,0.1818181818181818,0.7951875710496399,0.8069010558397736,0.7682133109384842,0.20943952802359878,0.7854096862625645,0.8131212723658053,0.7651657285803626,0.02570281124497935,2015-03-01
0.6000000000000085,0.2727272727272727,0.7486737400530503,0.8591487972134537,0.5643501994541257,0.031096361848574314,0.7340846786475784,0.7148537347344505,0.7679799874921824,0.3108433734939762,2015-04-01
0.6000000000000085,0.36363636363636365,0.7180750284198559,0.8516381843909872,0.5110224648330884,0.008357915437561586,0.6507767286018883,0.6668560068162456,0.6497811131957472,0.14297188755020038,2015-05-01
0.6000000000000085,0.4545454545454545,0.6497726411519513,0.7350604114509632,0.5845055637203443,0.18301376597836783,0.5901614377094121,0.6205623402442487,0.5762976860537834,0.08514056224899601,2015-06-01
0.6000000000000085,0.5454545454545454,0.5885752178855627,0.7362577555241101,0.4465672895234096,0.10090953785644055,0.5319829424307035,0.5759727350184608,0.5059412132582863,0.030522088353412764,2015-07-01
0.6000000000000085,0.6363636363636364,0.616710875331565,0.7935125721127679,0.3984883476800336,0.008112094395280383,0.5298507462686565,0.5705765407554672,0.5075046904315197,0.04979919678714869,2015-08-01
0.6000000000000085,0.7272727272727273,0.6471201212580523,0.8102753891368237,0.43355028343481006,0.009709931170108288,0.5837648492232713,0.6177222380005681,0.5662914321450905,0.06746987951807121,2015-09-01
0.6000000000000085,0.8181818181818182,0.6773399014778324,0.8320452813758571,0.45853453705647695,0.10501323514742146,0.4223271398111482,0.4791252485089462,0.38742964352720444,0.16437634596356393,2015-10-01
0.6000000000000085,0.9090909090909091,0.46475937855248206,0.6808533797757701,0.27902582406046617,0.06538839724680444,0.3164788303381053,0.34762851462652666,0.31488430268918055,0.18554216867469836,2015-11-01
0.6000000000000085,0.9999999999999999,0.49848427434634324,0.584412757156852,0.5397858492546713,0.32694198623402165,0.40039597928723725,0.4211871627378586,0.40619136960600355,0.21204819277108386,2015-12-01
0.6400000000000006,0.0,0.7751042061386889,0.8197452922608033,0.6989292462733571,0.15437561455260573,0.6684434968017053,0.6603237716557796,0.6932457786116322,0.27309236947791166,2016-01-01
0.6400000000000006,0.09090909090909091,0.7075596816976127,0.8115815826711656,0.5649800545874449,0.08517699115044254,0.7302771855010656,0.7120136324907697,0.7632895559724826,0.3068273092369467,2016-02-01
0.6400000000000006,0.1818181818181818,0.6798029556650246,0.7954718624142809,0.5345370564770103,0.08554572271386443,0.656564118184587,0.6935529679068447,0.6322701688555346,0.022489959839357074,2016-03-01
0.6400000000000006,0.2727272727272727,0.7189276241000379,0.8106019375204092,0.5920638253201763,0.10213864306784674,0.729363387145903,0.7605793808577109,0.7079424640400249,0.027309236947790482,2016-04-01
0.6400000000000006,0.36363636363636365,0.754357711254263,0.8185479481876564,0.6552592903632165,0.13016224188790576,0.7106305208650622,0.7267821641579096,0.7066916823014382,0.11967871485943717,2016-05-01
0.6400000000000006,0.4545454545454545,0.6363205759757483,0.7801240883857624,0.46777241234516054,0.06379056047197636,0.6162046908315565,0.6353308719113889,0.6135084427767354,0.13895582329317197,2016-06-01
0.6400000000000006,0.5454545454545454,0.6636036377415685,0.8096222923696527,0.47134159143397014,0.03257128810226171,0.5763021626561072,0.6128940641863109,0.5562851782363978,0.0554216867469871,2016-07-01
0.6400000000000006,0.6363636363636364,0.6944865479348237,0.8152824643518013,0.5288683602771364,0.05985742379547694,0.6504721291501673,0.6435671684180632,0.6747967479674797,0.27309236947791166,2016-08-01
0.6400000000000006,0.7272727272727273,0.739200454717696,0.7693479917274408,0.7165651900062987,0.22160766961651943,0.7024063356685956,0.7054813973303041,0.7132582864290182,0.19678714859437751,2016-09-01
0.6400000000000006,0.8181818181818182,0.629310344827586,0.7201480352672254,0.567919378542935,0.19014257620452304,0.5903137374352726,0.591025276909969,0.6091307066916822,0.25301204819277073,2016-10-01
0.6400000000000006,0.9090909090909091,0.7631678666161426,0.8813540872972678,0.553642662187697,0.10501323514742146,0.45370088333840985,0.5083783016188584,0.4196372732958098,0.16437634596356393,2016-11-01
0.6400000000000006,0.9999999999999999,0.40716180371352784,0.5877870904539022,0.3308838967037582,0.20083579154375633,0.394456289978678,0.43652371485373476,0.3771106941838649,0.09397590361445783,2016-12-01
0.6800000000000068,0.0,0.7306744979158771,0.846957657559595,0.5479739659878228,0.03527531956735493,0.6088943039902527,0.5898892360124964,0.6485303314571607,0.35742971887550157,2017-01-01
0.6800000000000068,0.09090909090909091,0.7852406214475179,0.8387939479699574,0.6846525299181189,0.12450835791543775,0.8215047212915013,0.8250497017892645,0.82614133833646,0.14859437751003993,2017-02-01
0.6800000000000068,0.1818181818181818,0.7229064039408867,0.7757701099379557,0.6680663447407097,0.18596361848574244,0.7202254035942733,0.6847486509514343,0.772670419011882,0.4080321285140552,2017-03-01
0.6800000000000068,0.2727272727272727,0.6342364532019704,0.7858931098291062,0.4520260340121771,0.04805801376597851,0.4125799573560768,0.4123828457824482,0.44090056285178214,0.3261044176706826,2017-04-01
0.6800000000000068,0.36363636363636365,0.377889352027283,0.5614455208446717,0.31681713205962625,0.2223451327433629,0.37831251903746577,0.41919909116728216,0.3630393996247654,0.10682730923694693,2017-05-01
0.6800000000000068,0.4545454545454545,0.7068965517241379,0.8296505932295635,0.5286584085660299,0.043510324483775835,0.5106609808102344,0.525702925305311,0.5175109443402126,0.2024096385542159,2017-06-01
0.6800000000000068,0.5454545454545454,0.6660666919287609,0.7632524219005115,0.5662397648540837,0.14048672566371698,0.633414559853792,0.6412950866231185,0.6422764227642275,0.19598393574297135,2017-07-01
0.6800000000000068,0.6363636363636364,0.6279840848806366,0.7954718624142809,0.4196934705017846,0.018313667649950904,0.5980810234541573,0.6109059926157342,0.6031894934333957,0.18152610441767109,2017-08-01
0.6800000000000068,0.7272727272727273,0.6988442591890868,0.8103842385980189,0.5479739659878228,0.07657325467059993,0.6381358513554675,0.6552115876171541,0.6366479049405878,0.14216867469879538,2017-09-01
0.6800000000000068,0.8181818181818182,0.7832512315270935,0.8928921301839555,0.5758975435649799,0.10501323514742146,0.7010356381358512,0.738994603805737,0.673545966228893,0.16437634596356393,2017-10-01
0.6800000000000068,0.9090909090909091,0.6190791966654035,0.7881789485142048,0.41402477430191054,0.023230088495575302,0.6558026195552843,0.621698381141721,0.7098186366479047,0.4248995983935739,2017-11-01
0.6800000000000068,0.9999999999999999,0.6343311860553239,0.7067595515402199,0.6048708796976695,0.22689282202556538,0.3658239415169052,0.36239704629366665,0.3999374609130706,0.36224899598393606,2017-12-01
0.7199999999999989,0.0,0.3605532398635847,0.5228039621203875,0.35292882636993494,0.2871189773844642,0.28053609503502897,0.3339960238568589,0.25609756097560976,0.07309236947791077,2018-01-01
0.7199999999999989,0.09090909090909091,0.6085638499431603,0.7198214868836399,0.5225698089439429,0.1639626352015733,0.4710630520865061,0.4316955410394775,0.539712320200125,0.5253012048192773,2018-02-01
0.7199999999999989,0.1818181818181818,0.7459264873057975,0.8456514640252529,0.5842956120092379,0.058013765978367826,0.7278403898872979,0.7631354728770238,0.7020012507817384,0.0048192771084334144,2018-03-01
0.7199999999999989,0.2727272727272727,0.7474422129594545,0.8599107434418198,0.5601511652319967,0.027777777777777818,0.7723119098385621,0.7980687304742972,0.754846779237023,0.04176706827309073,2018-04-01
0.7199999999999989,0.36363636363636365,0.7729253505115574,0.884728420594318,0.5687591853873609,0.004793510324483887,0.7444410600060917,0.7679636466912808,0.7307692307692306,0.06506024096385507,2018-05-01
0.7199999999999989,0.4545454545454545,0.6900341038272071,0.8107107869816044,0.5278186017216041,0.06440511307767961,0.7106305208650622,0.7142857142857143,0.7204502814258911,0.1903614457831318,2018-06-01
0.7199999999999989,0.5454545454545454,0.71684350132626,0.8139762708174594,0.5809363846315349,0.09181415929203554,0.6289978678038378,0.6668560068162456,0.6050656660412759,0.028112449799196623,2018-07-01
0.7199999999999989,0.6363636363636364,0.6307313376278891,0.7628170240557308,0.48876758345580507,0.09562438544739445,0.531830642704843,0.5220107923885259,0.565040650406504,0.3349397590361445,2018-08-01
0.7199999999999989,0.7272727272727273,0.5626184160666918,0.7201480352672254,0.4201133739239975,0.10361356932153397,0.5041120925982333,0.5535359272933825,0.47342088805503435,0.010441767068272967,2018-09-01
0.7199999999999989,0.8181818181818182,0.46362258431223946,0.7092630891477086,0.22170900692840656,0.10501323514742146,0.5630520865062442,0.610337972166998,0.5318949343339585,0.16437634596356393,2018-10-01
0.7199999999999989,0.9090909090909091,0.7189276241000379,0.7029498203983889,0.7997060676044511,0.3452556538839725,0.5350289369479134,0.5572280602101677,0.5328330206378986,0.15261044176706837,2018-11-01
0.7199999999999989,0.9999999999999999,0.6187949981053429,0.7295090889300098,0.5265588914549654,0.1553588987217307,0.610874200426439,0.6478273217835843,0.5888055034396495,0.04016064257028072,2018-12-01
0.7600000000000051,0.0,0.7573891625615764,0.8418417328834221,0.6170480789418434,0.08148967551622434,0.7225098994821807,0.6461232604373758,0.819887429643527,0.6385542168674688,2019-01-01
0.7600000000000051,0.09090909090909091,0.8955096627510419,0.9440513769456841,0.7260130170060884,0.029867256637168126,0.9372525129454764,0.9284294234592446,0.9499687304565354,0.17429718875502043,2019-02-01
0.7600000000000051,0.1818181818181818,0.8646267525577871,0.854141721998476,0.8309888725593114,0.19284660766961664,0.9092293633871457,0.9145129224652088,0.9077548467792367,0.10522088353413694,2019-03-01
0.7600000000000051,0.2727272727272727,0.7495263357332321,0.8586045499074779,0.5672895234096157,0.033431661750246,0.7237282972890647,0.724226072138597,0.7363977485928705,0.20321285140562204,2019-04-01
0.7600000000000051,0.36363636363636365,0.6732663887836301,0.8171329051921192,0.47826999790048286,0.028146509341199704,0.678799878160219,0.6944049985799489,0.6769856160100061,0.13493975903614355,2019-05-01
0.7600000000000051,0.4545454545454545,0.7713148920045472,0.879612495918145,0.5750577367205544,0.014257620452310797,0.7223575997563202,0.745526838966203,0.7101313320825515,0.07550200803212805,2019-06-01
0.7600000000000051,0.5454545454545454,0.7571049640015156,0.8705779906389463,0.5609909720764225,0.016224188790560593,0.7685044166920497,0.7861403010508378,0.7601626016260159,0.08915662650602442,2019-07-01
0.7600000000000051,0.6363636363636364,0.7445054945054945,0.8069010558397736,0.6558891454965358,0.1436823992133728,0.6259518732866279,0.6503834138028969,0.6169480925578485,0.10522088353413579,2019-08-01
0.7600000000000051,0.7272727272727273,0.5292724516862447,0.7300533362359856,0.3271047659038421,0.03797935103244851,0.5953396283886688,0.6384549843794377,0.5672295184490306,0.011244979919677968,2019-09-01
0.7600000000000051,0.8181818181818182,0.7821144372868511,0.8922390334167846,0.5746378332983414,0.10501323514742146,0.6053914102954613,0.6498153933541609,0.5753595997498435,0.16437634596356393,2019-10-01
0.7600000000000051,0.9090909090909091,0.7028230390299355,0.8303036899967344,0.5183707747218139,0.036750245821042325,0.6781906792567772,0.6867367225220108,0.6841776110068791,0.17510040160642543,2019-11-01
0.7600000000000051,0.9999999999999999,0.7386320575975747,0.8403178404266898,0.5784169640982574,0.06059488692232055,0.6439232409381658,0.6418631070718547,0.6632270168855532,0.24819277108433618,2019-12-01
0.7999999999999972,0.0,0.6067639257294429,0.7560683574616305,0.448666806634474,0.07976892822025573,0.5970149253731342,0.6177222380005681,0.5934959349593494,0.13734939759036083,2020-01-01
0.7999999999999972,0.09090909090909091,0.6550776809397498,0.7780559486230543,0.5133319336552592,0.09279744346116035,0.5628997867803837,0.5896052257881285,0.5544090056285176,0.11646586345381489,2020-02-01
0.7999999999999972,0.1818181818181818,0.6156688139446758,0.7077391966909763,0.5616208272097417,0.20046705998033426,0.576606762107828,0.6199943197955128,0.5490931832395245,0.016867469879517517,2020-03-01
0.7999999999999972,0.2727272727272727,0.7016862447896929,0.8121258299771414,0.550913289943313,0.07632743362831873,0.6554980201035635,0.6927009372337406,0.631019387116948,0.021686746987950933,2020-04-01
0.7999999999999972,0.36363636363636365,0.8048503220917014,0.88603461412866,0.6369934914969556,0.04326450344149463,0.7375875723423696,0.7335984095427436,0.7545340838023764,0.22329317269076296,2020-05-01
0.7999999999999972,0.4545454545454545,0.6883289124668432,0.8156090127353868,0.5145916439218979,0.05113077679449381,0.7625647273834905,0.7881283726214144,0.74577861163227,0.04658634538152528,2020-06-01
0.7999999999999972,0.5454545454545454,0.7671466464569913,0.8776532056166321,0.5695989922317867,0.013274336283185988,0.6710325921413339,0.680204487361545,0.6766729205753594,0.1742971887550193,2020-07-01
0.7999999999999972,0.6363636363636364,0.5966275104206139,0.7538913682377271,0.43040100776821333,0.07153392330383485,0.5628997867803837,0.5901732462368646,0.5537836147592243,0.11325301204819263,2020-08-01
0.7999999999999972,0.7272727272727273,0.598427434634331,0.7781647980842494,0.3875708587024984,0.019051130776794687,0.5523911056960097,0.5418915080942913,0.5853658536585364,0.33092369477911604,2020-09-01
0.7999999999999972,0.8181818181818182,0.7309586964759379,0.8350930662893218,0.5714885576317447,0.06243854473942983,0.6593055132500761,0.6696961090599264,0.6641651031894933,0.17188755020080312,2020-10-01
0.7999999999999972,0.9090909090909091,0.9338764683592269,0.9794274518341133,0.7428091538946041,0.10501323514742146,0.7552543405421869,0.789548423743255,0.7292057535959975,0.16437634596356393,2020-11-01
0.7999999999999972,0.9999999999999999,0.6545092838196286,0.6885816915206269,0.6846525299181189,0.2941248770894789,0.6876332622601277,0.713149673388242,0.6744840525328331,0.07550200803212805,2020-12-01
0.8400000000000034,0.0,0.6890867752936718,0.7791444432350059,0.5866050808314086,0.13446411012782708,0.7817544928419126,0.7912524850894632,0.7817385866166351,0.13012048192771014,2021-01-01
0.8400000000000034,0.09090909090909091,0.9528230390299355,0.9822575378251877,0.7793407516271257,0.01794493608652901,0.8856229058787691,0.8758875319511504,0.9018136335209503,0.1991967871485936,2021-02-01
0.8400000000000034,0.1818181818181818,0.7456422887457369,0.8540328725372808,0.5674994751207222,0.038716814159292116,0.8347547974413642,0.8432263561488212,0.8333333333333333,0.11566265060240989,2021-03-01
0.8400000000000034,0.2727272727272727,0.6908866995073891,0.8373789049744202,0.47826999790048286,0.005285152409046292,0.5798050563508984,0.5637602953706334,0.6175734834271418,0.35180722891566196,2021-04-01
0.8400000000000034,0.36363636363636365,0.5620500189465705,0.762272776749755,0.3376023514591644,0.007743362831858493,0.5015229972586047,0.5455836410110765,0.47686053783614746,0.041767068273091866,2021-05-01
0.8400000000000034,0.4545454545454545,0.6587722622205381,0.7543267660825078,0.5672895234096157,0.1511799410029499,0.5825464514163873,0.6100539619426301,0.572232645403377,0.1044176706827308,2021-06-01
0.8400000000000034,0.5454545454545454,0.753505115574081,0.8686187003374333,0.5567919378542935,0.015978367748279217,0.731190983856229,0.7259301334848055,0.7498436522826766,0.23293172690762978,2021-07-01
0.8400000000000034,0.6363636363636364,0.7331375521030693,0.8256231631653422,0.5945832458534538,0.08665191740412993,0.7190070057873895,0.6731042317523431,0.782989368355222,0.4674698795180719,2021-08-01
0.8400000000000034,0.7272727272727273,0.6502463054187192,0.7505170349406769,0.5557421792987615,0.14872173058013788,0.5383795309168443,0.5822209599545584,0.5121951219512195,0.02891566265060276,2021-09-01
0.8400000000000034,0.8181818181818182,0.3183023872679045,0.6257755524110155,0.06067604450976272,0.10501323514742146,0.5505635089856836,0.5986935529679068,0.5190744215134457,0.16437634596356393,2021-10-01
0.8400000000000034,0.9090909090909091,0.8045661235316406,0.8842930227495372,0.6397228637413394,0.04682890855457233,0.5223880597014926,0.5322351604657768,0.534396497811132,0.22730923694779023,2021-11-01
0.8400000000000034,0.9999999999999999,0.5653656688139447,0.7592249918362903,0.35082930925887046,0.018928220255653994,0.48629302467255553,0.532519170690145,0.4599749843652281,0.03534136546184618,2021-12-01
0.8799999999999955,0.0,0.5075786282682835,0.5887667356046586,0.5515431450766325,0.3289085545722714,0.5004568991775814,0.5296790684464642,0.49218261413383346,0.12610441767068173,2022-01-01
0.8799999999999955,0.09090909090909091,0.8651951496779082,0.9279416566887992,0.6899013226957799,0.02691740412979369,0.7698751142247945,0.7443907980687307,0.8089430894308942,0.3325301204819272,2022-02-01
0.8799999999999955,0.1818181818181818,0.786472148541114,0.8389027974311526,0.6871719504513961,0.1258603736479843,0.876332622601279,0.8594149389378017,0.9008755472170105,0.24337349397590277,2022-03-01
0.8799999999999955,0.2727272727272727,0.7329480863963622,0.8631762272776748,0.5217300020995171,0.001597836774828078,0.7025586353944561,0.727350184606646,0.6894934333958722,0.0738955823293169,2022-04-01
0.8799999999999955,0.36363636363636365,0.6216369837059492,0.7647763143572439,0.4648330883896703,0.07940019665683386,0.6347852573865366,0.6327747798920763,0.654471544715447,0.25140562248995957,2022-05-01
0.8799999999999955,0.4545454545454545,0.7203486169003409,0.8009143354740393,0.6138988032752467,0.1258603736479843,0.6203167834297897,0.6546435671684182,0.6006879299562227,0.0514056224899587,2022-06-01
0.8799999999999955,0.5454545454545454,0.6893709738537325,0.7899205398933274,0.5664497165651902,0.11049655850540817,0.6640268047517514,0.6830445896052258,0.6591619762351468,0.12128514056224832,2022-07-01
0.8799999999999955,0.6363636363636364,0.6160477453580901,0.7723957766409055,0.4377493176569389,0.054941002949852706,0.43420651842826674,0.4507242260721388,0.44308943089430897,0.22329317269076182,2022-08-01
0.8799999999999955,0.7272727272727273,0.3446381205001895,0.5206269728964841,0.32185597312618097,0.2713864306784662,0.3796832165702101,0.39761431411530823,0.38961851156973104,0.23614457831325208,2022-09-01
0.8799999999999955,0.8181818181818182,0.7303902993558166,0.8625231305105039,0.5173210161662817,0.10501323514742146,0.5743222662199207,0.6208463504686169,0.5434646654158848,0.16437634596356393,2022-10-01
0.8799999999999955,0.9090909090909091,0.9062144751799923,0.9248938717753346,0.7866890615158514,0.08702064896755182,0.615443192202254,0.6489633626810566,0.5969355847404627,0.05783132530120438,2022-11-01
0.8799999999999955,0.9999999999999999,0.47110647972716935,0.6675737455099597,0.31870669745958424,0.10361356932153397,0.7141334145598534,0.7199659187730759,0.721388367729831,0.17670682730923656,2022-12-01
0.9200000000000017,0.0,0.8795945433876469,0.8845107216719276,0.8055847155154315,0.1436823992133728,0.6714894913189152,0.6992331723942061,0.6566604127579736,0.06907630522088348,2023-01-01
0.9200000000000017,0.09090909090909091,0.7186434255399773,0.8236638728638292,0.5662397648540837,0.07227138643067862,0.820438623210478,0.8256177222380007,0.8233270794246403,0.1397590361445781,2023-02-01
0.9200000000000017,0.1818181818181818,0.7574838954149297,0.8775443561554369,0.5483938694100355,0.0009832841691249845,0.7691136155954917,0.783300198807157,0.7645403377110693,0.1084337349397592,2023-03-01
0.9200000000000017,0.2727272727272727,0.8349753694581279,0.8983346032437138,0.6800335922737769,0.054572271386430816,0.7995735607675903,0.8210735586481116,0.7854909318323953,0.0554216867469871,2023-04-01
0.9200000000000017,0.36363636363636365,0.7203486169003409,0.8447806683356917,0.5292882636993491,0.026794493608653006,0.71915930551325,0.7176938369781313,0.7342088805503437,0.2160642570281123,2023-05-01
0.9200000000000017,0.4545454545454545,0.6815081470253884,0.7936214215739631,0.5418853663657358,0.09193706981317605,0.6085897045385317,0.6398750355012782,0.5928705440900561,0.07309236947791077,2023-06-01
0.9200000000000017,0.5454545454545454,0.6361311102690412,0.7632524219005115,0.49989502414444675,0.10164700098328418,0.6489491318915624,0.6901448452144278,0.6203877423389617,0.0016064257028100023,2023-07-01
0.9200000000000017,0.6363636363636364,0.689655172413793,0.7843692173723739,0.5777871089649381,0.12340216322517225,0.5067011879378615,0.4825333712013634,0.556910569105691,0.42570281124498,2023-08-01
0.9200000000000017,0.7272727272727273,0.4402235695339143,0.653532165015783,0.27734621037161455,0.09525565388397254,0.41197075845263476,0.42033513206475426,0.43089430894308944,0.2779116465863451,2023-09-01
0.9200000000000017,0.8181818181818182,0.5138309965896173,0.7381081963644279,0.27734621037161455,0.10501323514742146,0.3876028023149557,0.44674808293098567,0.35178236397748597,0.16437634596356393,2023-10-01
0.9200000000000017,0.9090909090909091,0.7012125805229252,0.731032981386742,0.7062775561620828,0.25884955752212396,0.6720986902223575,0.6424311275205908,0.7204502814258911,0.39357429718875503,2023-11-01
0.9200000000000017,0.9999999999999999,1.0,0.9999999999999999,0.8496745748477849,0.03908554572271383,0.9999999999999999,1.0,1.0,0.10040160642570352,2023-12-01
0.960000000000008,0.0,0.9431602879878742,0.9059540655273756,0.9051018265798866,0.1777286135693217,0.912123058178495,0.9130928713433685,0.9152595372107566,0.128514056224899,2024-01-01
0.960000000000008,0.09090909090909091,0.6313944676013641,0.6686622401219113,0.6718454755406255,0.3091199606686331,0.8469387755102037,0.8713433683612609,0.8273921200750469,0.020883534136545933,2024-02-01
0.960000000000008,0.1818181818181818,0.9399393709738537,0.9505823446173941,0.8118832668486248,0.07276302851524086,0.8723728297289063,0.8858278898040329,0.8636647904940586,0.0730923694779119,2024-03-01
0.960000000000008,0.2727272727272727,0.7921561197423266,0.8704691411777511,0.6388830568969136,0.06194690265486743,0.9107523606457505,0.8719113888099971,0.9577861163227015,0.35421686746987924,2024-04-01
0.960000000000008,0.36363636363636365,0.822944297082228,0.8910416893436376,0.6674364896073902,0.055432645034414946,0.8297289064879682,0.8500426015336554,0.8155096935584738,0.05060240963855369,2024-05-01
0.960000000000008,0.4545454545454545,0.8089238347859036,0.8755850658539239,0.6661767793407517,0.0721484759095381,0.752512945476698,0.7429707469468901,0.7748592870544089,0.2489959839357423,2024-06-01
0.960000000000008,0.5454545454545454,0.5917961348995832,0.7598780886034613,0.40814612639093006,0.05174532940019673,0.5609198903441973,0.5424595285430277,0.6022514071294558,0.37269076305220905,2024-07-01
0.960000000000008,0.6363636363636364,0.5761652140962485,0.7191683901164689,0.4520260340121771,0.12340216322517208,0.44243070362473336,0.46435671684180624,0.4449656035021887,0.1895582329317268,2024-08-01
0.960000000000008,0.7272727272727273,0.5740810913224705,0.700337433329705,0.48372874238925034,0.16322517207472972,0.5333536399634481,0.5600681624538485,0.526266416510319,0.127710843373494,2024-09-01
0.960000000000008,0.8181818181818182,0.6597195907540735,0.6820507238489169,0.70879697669536,0.3156342182890856,0.6780383795309167,0.7034933257597275,0.66541588492808,0.07951807228915644,2024-10-01
0.960000000000008,0.9090909090909091,0.8548692686623722,0.9340372265157287,0.6552592903632165,0.10501323514742146,0.5575692963752664,0.6052257881283728,0.526266416510319,0.16437634596356393,2024-11-01
0.960000000000008,0.9999999999999999,0.5609132247063281,0.6618047240666158,0.5288683602771364,0.23316125860373665,0.5680779774596404,0.6089179210451577,0.5437773608505316,0.03453815261044117,2024-12-01
1.0,0.0,0.8563849943160289,0.7570480026123869,1.0,0.40142576204523106,0.7366737739872068,0.7600113604089748,0.7235772357723576,0.06907630522088234,2025-01-01
1.0,0.09090909090909091,0.8061765820386508,0.8568629585283553,0.6961998740289733,0.11086529006883006,0.9358818154127323,0.9040045441635901,0.9740462789243274,0.30522088353413557,2025-02-01
1.0,0.1818181818181818,0.8384804850322092,0.9116142375095242,0.6621876968297292,0.02912979351032469,0.8850137069753273,0.8557228060210168,0.9227642276422763,0.3100401606425701,2025-03-01
