Ano,Mês,EVI_mean,EVI_min,EVI_max,EVI_std,SG_mean,SG_min,SG_max,SG_std
2000,2,0.5911,0.5911,0.5911,,0.5658,0.5658,0.5658,
2000,3,0.5366,0.5295,0.5437,0.010040916292848968,0.5393,0.525,0.5536,0.02022325394193523
2000,4,0.50745,0.4719,0.543,0.050275292142363606,0.50465,0.5013,0.508,0.004737615433949936
2000,5,0.49755000000000005,0.455,0.5401,0.06017478707897518,0.51635,0.4977,0.535,0.026375082938258243
2000,6,0.5207999999999999,0.5181,0.5235,0.0038183766184072894,0.4636,0.4624,0.4648,0.001697056274847743
2000,7,0.32085,0.2049,0.4368,0.16397806255716038,0.3746,0.3488,0.4004,0.03648670990922584
2000,8,0.31365,0.1412,0.4861,0.24388112883124022,0.3603,0.3462,0.3744,0.019940411229460643
2000,9,0.518,0.5014,0.5346,0.023475945135393344,0.4616,0.4608,0.4624,0.0011313708498984889
2000,10,0.5646,0.5337,0.5955,0.04369919907732869,0.5379499999999999,0.5012,0.5747,0.05197234841721129
2000,11,0.4368,0.4368,0.4368,,0.6181,0.6181,0.6181,
2000,12,0.6554,0.6411,0.6697,0.02022325394193523,0.56305,0.5504,0.5757,0.017889801564019682
2001,1,0.4068,0.1439,0.6697,0.3717967455478867,0.5185500000000001,0.5057,0.5314,0.01817264427649427
2001,2,0.55365,0.5266,0.5807,0.03825447686219225,0.4585,0.4558,0.4612,0.0038183766184073874
2001,3,0.50525,0.4446,0.5659,0.08577205255792819,0.52765,0.4921,0.5632,0.050275292142363606
2001,4,0.5442,0.5347,0.5537,0.013435028842544376,0.52965,0.5241,0.5352,0.007848885271170716
2001,5,0.50785,0.5037,0.512,0.005868986283848326,0.5132,0.4996,0.5268,0.019233304448274112
2001,6,0.47355,0.4484,0.4987,0.03556747109368333,0.49255,0.4847,0.5004,0.01110157646462875
2001,7,0.5132,0.5128,0.5136,0.0005656854249491757,0.49019999999999997,0.489,0.4914,0.0016970562748477038
2001,8,0.4581,0.4255,0.4907,0.04610336213336292,0.44235,0.4359,0.4488,0.00912167747730646
2001,9,0.3385,0.3004,0.3766,0.053881536726414936,0.3991,0.391,0.4072,0.011455129855222065
2001,10,0.4929,0.4929,0.4929,,0.4033,0.4033,0.4033,
2001,11,0.38985000000000003,0.3796,0.4001,0.014495689014324218,0.39935,0.3714,0.4273,0.039527269068328034
2001,12,0.3812,0.3296,0.4328,0.07297341981845169,0.41105,0.3868,0.4353,0.03429467888754761
2002,1,0.44745,0.2763,0.6186,0.24204265120015525,0.4269,0.421,0.4328,0.008343860018001284
2002,2,0.5044,0.3703,0.6385,0.18964603871423202,0.47404999999999997,0.4587,0.4894,0.021708178182427033
2002,3,0.5139,0.4698,0.558,0.06236681810065353,0.54015,0.5077,0.5726,0.045891230099006905
2002,4,0.5407500000000001,0.5271,0.5544,0.019304015126392703,0.3755,0.3402,0.4108,0.04992173875177025
2002,5,0.11634999999999998,-0.3,0.5327,0.5888078166940381,0.33585,0.3324,0.3393,0.00487903679018719
2002,6,0.50695,0.4654,0.5485,0.058760573516602126,0.39875,0.3649,0.4326,0.047871129086329255
2002,7,0.44220000000000004,0.4304,0.454,0.01668772003600251,0.5015000000000001,0.4486,0.5544,0.07481189744953677
2002,8,0.473,0.4651,0.4809,0.011172287142747418,0.43635,0.4289,0.4438,0.010535891039679517
2002,9,0.41535,0.3514,0.4793,0.09043895731375944,0.45325000000000004,0.4465,0.46,0.00954594154601838
2002,10,0.5295,0.5295,0.5295,,0.4776,0.4776,0.4776,
2002,11,0.52015,0.4724,0.5679,0.06752869760331524,0.5401,0.5389,0.5413,0.0016970562748476843
2002,12,0.55735,0.538,0.5767,0.02736503243191936,0.4792,0.4682,0.4902,0.01555634918610406
2003,1,0.351,0.264,0.438,0.12303657992645928,0.4746,0.473,0.4762,0.0022627416997969972
2003,2,0.58935,0.583,0.5957,0.008980256121069225,0.5064,0.5012,0.5116,0.0073539105243401875
2003,3,0.519,0.5132,0.5248,0.00820243866176399,0.54965,0.5494,0.5499,0.0003535533905932741
2003,4,0.47919999999999996,0.4257,0.5327,0.07566042558696055,0.46435000000000004,0.448,0.4807,0.023122391744800127
2003,5,0.37320000000000003,0.2246,0.5218,0.21015213536864197,0.43179999999999996,0.4306,0.433,0.0016970562748477038
2003,6,0.48785,0.4838,0.4919,0.005727564927611032,0.46499999999999997,0.4478,0.4822,0.024324473272817285
2003,7,0.5016,0.4899,0.5133,0.016546298679765235,0.44284999999999997,0.4407,0.445,0.003040559159102153
2003,8,0.27175,0.0868,0.4567,0.26155879836090395,0.3986,0.3955,0.4017,0.004384062043356583
2003,9,0.508,0.4982,0.5178,0.013859292911256375,0.3891,0.3863,0.3919,0.003959797974644701
2003,10,0.4704,0.4704,0.4704,,0.4533,0.4533,0.4533,
2003,11,0.3899,0.3238,0.456,0.0934795164728616,0.44289999999999996,0.3963,0.4895,0.06590235200658622
2003,12,0.3662,0.2164,0.516,0.21184919164348964,0.3315,0.3255,0.3375,0.008485281374238578
2004,1,0.28250000000000003,0.2164,0.3486,0.09347951647286158,0.36495,0.3591,0.3708,0.008273149339882636
2004,2,0.5340499999999999,0.4386,0.6295,0.13498668452851187,0.4449,0.4026,0.4872,0.05982123368838193
2004,3,0.47265,0.3816,0.5637,0.12876414485407028,0.48875,0.4804,0.4971,0.011808683245815358
2004,4,0.4468,0.4145,0.4791,0.04567909806465098,0.47755000000000003,0.4659,0.4892,0.016475588001646568
2004,5,0.5277000000000001,0.5231,0.5323,0.006505382386916267,0.49085,0.4832,0.4985,0.010818733752154164
2004,6,0.4804,0.4455,0.5153,0.049356053326821,0.49645,0.4918,0.5011,0.006576093065034874
2004,7,0.47335,0.4693,0.4774,0.005727564927611032,0.4783,0.4761,0.4805,0.0031112698372207804
2004,8,0.4602,0.4236,0.4968,0.05176021638285531,0.4592,0.4366,0.4818,0.031961226509631964
2004,9,0.4323,0.3794,0.4852,0.07481189744953673,0.42005000000000003,0.4067,0.4334,0.01887975105768084
2004,10,0.42135,0.3307,0.512,0.1281984594291211,0.41745,0.3957,0.4392,0.030759144981614805
2004,11,0.3746,0.3746,0.3746,,0.4322,0.4322,0.4322,
2004,12,0.575,0.5396,0.6104,0.05006316010800766,0.5508500000000001,0.5483,0.5534,0.0036062445840513483
2005,1,0.6215,0.4348,0.8082,0.26403367209505685,0.5157499999999999,0.51,0.5215,0.008131727983645226
2005,2,0.29979999999999996,0.1553,0.4443,0.20435385976291223,0.43795,0.4179,0.458,0.028354981925580572
2005,3,0.44205,0.4271,0.457,0.021142492757477798,0.4027,0.3943,0.4111,0.011879393923934025
2005,4,0.4556,0.427,0.4842,0.04044650788387054,0.47675,0.4683,0.4852,0.011950104602052671
2005,5,0.5031,0.4957,0.5105,0.010465180361560909,0.4878,0.4776,0.498,0.014424978336205551
2005,6,0.4919,0.4736,0.5102,0.025880108191427616,0.5125,0.4964,0.5286,0.022768838354206775
2005,7,0.52545,0.5098,0.5411,0.022132442251138893,0.47214999999999996,0.4617,0.4826,0.014778531726798806
2005,8,0.3954,0.291,0.4998,0.14764389591175117,0.43515000000000004,0.4026,0.4677,0.04603265145524425
2005,9,0.43385,0.4072,0.4605,0.03768879143724299,0.39515,0.3753,0.415,0.028072139213105907
2005,10,0.2042,0.2042,0.2042,,0.4403,0.4403,0.4403,
2005,11,0.5681,0.5599,0.5763,0.011596551211459399,0.42615000000000003,0.422,0.4303,0.0058689862838483845
2005,12,0.39244999999999997,0.3372,0.4477,0.07813529932111352,0.4766,0.4638,0.4894,0.018101933598375603
2006,1,0.5297,0.3987,0.6607,0.18526197667087543,0.4581,0.4482,0.468,0.014000714267493669
2006,2,0.42884999999999995,0.3747,0.483,0.07657966440250312,0.4505,0.4378,0.4632,0.017960512242138293
2006,3,0.38849999999999996,0.291,0.486,0.13788582233137678,0.4233,0.4189,0.4277,0.00622253967444164
2006,4,0.4877,0.465,0.5104,0.032102647865869194,0.4835,0.4749,0.4921,0.012162236636408611
2006,5,0.5226999999999999,0.4998,0.5456,0.032385490578343806,0.5159,0.5088,0.523,0.010040916292848968
2006,6,0.48,0.479,0.481,0.0014142135623730963,0.49065000000000003,0.4838,0.4975,0.009687362902255713
2006,7,0.45755,0.4303,0.4848,0.038537319574666835,0.47345000000000004,0.4617,0.4852,0.016617009357883863
2006,8,0.43715,0.4028,0.4715,0.04857823586751581,0.41469999999999996,0.4024,0.427,0.017394826817189058
2006,9,0.2691,0.0904,0.4478,0.2527199635960721,0.30979999999999996,0.2944,0.3252,0.021778888860545638
2006,10,0.4036,0.4036,0.4036,,0.2679,0.2679,0.2679,
2006,11,0.31155,0.1479,0.4752,0.23143604948235702,0.35685,0.3419,0.3718,0.021142492757477798
2006,12,0.51285,0.4286,0.5971,0.11914749262993321,0.39465,0.3934,0.3959,0.001767766952966331
2007,1,0.2429,0.1722,0.3136,0.09998489885977781,0.41910000000000003,0.4075,0.4307,0.01640487732352796
2007,2,0.5276000000000001,0.4386,0.6166,0.12586500705120554,0.44089999999999996,0.4337,0.4481,0.01018233764908632
2007,3,0.48919999999999997,0.4878,0.4906,0.0019798989873222915,0.48919999999999997,0.4792,0.4992,0.014142135623730904
2007,4,0.42945,0.4216,0.4373,0.01110157646462883,0.46704999999999997,0.4579,0.4762,0.012940054095713867
2007,5,0.5226999999999999,0.5199,0.5255,0.003959797974644583,0.47775,0.4753,0.4802,0.0034648232278140937
2007,6,0.45585,0.4357,0.476,0.028496403281817868,0.4779,0.4721,0.4837,0.008202438661763931
2007,7,0.44805,0.4424,0.4537,0.00799030662740797,0.44489999999999996,0.4441,0.4457,0.0011313708498984496
2007,8,0.43910000000000005,0.4302,0.448,0.012586500705120553,0.46185,0.4528,0.4709,0.012798632739476514
2007,9,0.46735,0.4518,0.4829,0.02199102089490164,0.42685,0.4176,0.4361,0.013081475451951102
2007,10,0.4443,0.4443,0.4443,,0.4005,0.4005,0.4005,
2007,11,0.33475,0.2063,0.4632,0.18165573208682406,0.3857,0.3836,0.3878,0.0029698484809834867
2007,12,0.4052,0.403,0.4074,0.0031112698372207804,0.3705,0.3595,0.3815,0.01555634918610406
2008,1,0.3619,0.3208,0.403,0.05812417741353424,0.44320000000000004,0.443,0.4434,0.00028284271247460747
2008,2,0.5908500000000001,0.5742,0.6075,0.02354665581351207,0.5091,0.4967,0.5215,0.01753624817342635
2008,3,0.53155,0.4903,0.5728,0.058336309447890165,0.54165,0.5405,0.5428,0.0016263455967290372
2008,4,0.48465,0.4466,0.5227,0.053810826048296304,0.5013,0.5002,0.5024,0.0015556349186103902
2008,5,0.4998,0.4983,0.5013,0.0021213203435595856,0.497,0.4895,0.5045,0.010606601717798203
2008,6,0.489,0.4625,0.5155,0.037476659402886976,0.49339999999999995,0.4855,0.5013,0.011172287142747418
2008,7,0.48465,0.4705,0.4988,0.02001112190757931,0.47625,0.4743,0.4782,0.0027577164466275456
2008,8,0.4524,0.446,0.4588,0.009050966799187774,0.46575,0.4584,0.4731,0.010394469683442282
2008,9,0.4456,0.3875,0.5037,0.08216580797387682,0.45365,0.425,0.4823,0.040517218561989185
2008,10,0.45695,0.3801,0.5338,0.1086823122683724,0.42735,0.4133,0.4414,0.019869700551341997
2008,11,0.2209,0.2209,0.2209,,0.35,0.35,0.35,
2008,12,0.39945,0.2135,0.5854,0.26297301192327704,0.35150000000000003,0.3461,0.3569,0.007636753236814716
2009,1,0.43805,0.2883,0.5878,0.21177848096537097,0.42669999999999997,0.3918,0.4616,0.04935605332682106
2009,2,0.49460000000000004,0.4372,0.552,0.08117585848021569,0.49895,0.4616,0.5363,0.05282087655463509
2009,3,0.51125,0.4275,0.595,0.1184403858487467,0.53975,0.503,0.5765,0.05197234841721121
2009,4,0.55525,0.546,0.5645,0.013081475451951102,0.46775,0.451,0.4845,0.023688077169749324
2009,5,0.3439,0.1769,0.5109,0.2361736649163069,0.41769999999999996,0.4174,0.418,0.0004242640687119014
2009,6,0.42115,0.3772,0.4651,0.06215468606629757,0.41700000000000004,0.4086,0.4254,0.011879393923933966
2009,7,0.4708,0.4699,0.4717,0.0012727922061358025,0.45935000000000004,0.4582,0.4605,0.001626345596729096
2009,8,0.43284999999999996,0.4105,0.4552,0.031607673119038705,0.4396,0.4123,0.4669,0.03860803025278548
2009,9,0.38945,0.2481,0.5308,0.19989908704143702,0.39825,0.3737,0.4228,0.034718942956259505
2009,10,0.2113,0.2113,0.2113,,0.3763,0.3763,0.3763,
2009,11,0.5758,0.5736,0.578,0.0031112698372207804,0.37129999999999996,0.3565,0.3861,0.02093036072312184
2009,12,0.30974999999999997,0.0579,0.5616,0.356169685683664,0.4508,0.4464,0.4552,0.00622253967444162
2010,1,0.5029,0.4442,0.5616,0.0830143361113007,0.46395,0.4372,0.4907,0.037830212793480346
2010,2,0.51125,0.4765,0.546,0.049143921292465115,0.50925,0.4804,0.5381,0.04080006127446379
2010,3,0.4505,0.3856,0.5154,0.09178246019801387,0.4907,0.4832,0.4982,0.010606601717798163
2010,4,0.52675,0.5138,0.5397,0.018314065632731566,0.49185,0.4907,0.493,0.0016263455967290372
2010,5,0.49015,0.4872,0.4931,0.004171930009000583,0.49939999999999996,0.4964,0.5024,0.00424264068711923
2010,6,0.4688,0.4468,0.4908,0.03111269837220812,0.4534,0.4495,0.4573,0.005515432893255071
2010,7,0.42064999999999997,0.3866,0.4547,0.0481539717988039,0.44725000000000004,0.4419,0.4526,0.007566042558696069
2010,8,0.4739,0.4575,0.4903,0.023193102422918735,0.4474,0.4345,0.4603,0.0182433549546129
2010,9,0.41605000000000003,0.3844,0.4477,0.044759859249108414,0.4284,0.4264,0.4304,0.0028284271247461927
2010,10,0.4814,0.4814,0.4814,,0.4089,0.4089,0.4089,
2010,11,0.42955,0.2788,0.5803,0.21319269452774414,0.45804999999999996,0.431,0.4851,0.03825447686219223
2010,12,0.5145500000000001,0.4203,0.6088,0.13328962825366417,0.50535,0.4984,0.5123,0.009828784258493008
2011,1,0.506,0.4234,0.5886,0.11681404025201766,0.5405,0.5232,0.5578,0.02446589462905452
2011,2,0.5540499999999999,0.5222,0.5859,0.0450427019615831,0.5075000000000001,0.4782,0.5368,0.04143645737753173
2011,3,0.4557,0.4213,0.4901,0.048648946545634446,0.46765,0.4659,0.4694,0.002474873734152899
2011,4,0.43429999999999996,0.346,0.5226,0.12487505755754427,0.45089999999999997,0.4473,0.4545,0.00509116882454319
2011,5,0.48545,0.4803,0.4906,0.0072831998462214225,0.48455,0.4825,0.4866,0.0028991378028648397
2011,6,0.49324999999999997,0.4608,0.5257,0.045891230099006905,0.49675,0.4882,0.5053,0.012091525958289946
2011,7,0.4885,0.4785,0.4985,0.014142135623730963,0.48435,0.4793,0.4894,0.0071417784899841285
2011,8,0.47114999999999996,0.4613,0.481,0.013930003589374964,0.48405,0.4785,0.4896,0.007848885271170676
2011,9,0.45994999999999997,0.4515,0.4684,0.011950104602052652,0.41159999999999997,0.3599,0.4633,0.07311484117468899
2011,10,0.3767,0.3767,0.3767,,0.3332,0.3332,0.3332,
2011,11,0.18280000000000002,0.1519,0.2137,0.043699199077328645,0.35919999999999996,0.3571,0.3613,0.0029698484809835063
2011,12,0.60075,0.5374,0.6641,0.0895904291763356,0.4031,0.3839,0.4223,0.027152900397563417
2012,1,0.39605,0.287,0.5051,0.15421998897678602,0.49855000000000005,0.4865,0.5106,0.01704127342659582
2012,2,0.53475,0.4643,0.6052,0.09963134546918455,0.50125,0.465,0.5375,0.05126524163602468
2012,3,0.50865,0.495,0.5223,0.01930401512639278,0.51955,0.4803,0.5588,0.05550788232314393
2012,4,0.39480000000000004,0.2174,0.5722,0.2508814859649871,0.39590000000000003,0.3737,0.4181,0.03139554108468277
2012,5,0.35125,0.269,0.4335,0.11631906550518706,0.38655,0.3758,0.3973,0.015202795795510746
2012,6,0.51335,0.4889,0.5378,0.034577521600022136,0.46140000000000003,0.4245,0.4983,0.052184480451567206
2012,7,0.46975,0.4483,0.4912,0.03033488091290292,0.49385,0.485,0.5027,0.012515790027001926
2012,8,0.483,0.4693,0.4967,0.019374725804511387,0.4799,0.4712,0.4886,0.012303657992645906
2012,9,0.5135000000000001,0.5122,0.5148,0.001838477631085096,0.5162,0.5008,0.5316,0.02177888886054562
2012,10,0.5589500000000001,0.5477,0.5702,0.015909902576697412,0.56855,0.5544,0.5827,0.02001112190757929
2012,11,0.6161,0.6161,0.6161,,0.5666,0.5666,0.5666,
2012,12,0.5421,0.5207,0.5635,0.0302641702347842,0.5173,0.5075,0.5271,0.013859292911256375
2013,1,0.43565,0.3981,0.4732,0.05310371926710974,0.51325,0.5058,0.5207,0.010535891039679614
2013,2,0.6255,0.603,0.648,0.03181980515339463,0.5706,0.5549,0.5863,0.02220315292925766
2013,3,0.5904,0.5554,0.6254,0.04949747468305833,0.59985,0.5906,0.6091,0.013081475451951102
2013,4,0.5364,0.5338,0.539,0.0036769552621699953,0.5377000000000001,0.5319,0.5435,0.00820243866176395
2013,5,0.4921,0.4703,0.5139,0.030829855659733472,0.4967,0.4839,0.5095,0.018101933598375586
2013,6,0.47119999999999995,0.422,0.5204,0.06957930726875625,0.46950000000000003,0.4686,0.4704,0.0012727922061357827
2013,7,0.46404999999999996,0.4145,0.5136,0.07007428201558684,0.46315,0.4511,0.4752,0.017041273426595803
2013,8,0.42345,0.3814,0.4655,0.059467680297788636,0.424,0.415,0.433,0.012727922061357866
2013,9,0.3351,0.1766,0.4936,0.22415284963613555,0.3762,0.34,0.4124,0.051194530957906
2013,10,0.4111,0.4111,0.4111,,0.2806,0.2806,0.2806,
2013,11,0.2392,0.0958,0.3826,0.20279822484430185,0.31055,0.2833,0.3378,0.038537319574666835
2013,12,0.497,0.3625,0.6315,0.19021172413918125,0.43179999999999996,0.4115,0.4521,0.02870853531617387
2014,1,0.54105,0.4506,0.6315,0.12791561671664645,0.58655,0.5404,0.6327,0.06526595590351837
2014,2,0.64395,0.6433,0.6446,0.0009192388155424498,0.59685,0.575,0.6187,0.030900566337852178
2014,3,0.54305,0.4947,0.5914,0.0683772257407392,0.56265,0.5588,0.5665,0.005444722215136444
2014,4,0.50115,0.4777,0.5246,0.03316330803764904,0.4918,0.4661,0.5175,0.036345288552988526
2014,5,0.45405,0.4481,0.46,0.00841457069611993,0.43435,0.4317,0.437,0.0037476659402887404
2014,6,0.3862,0.3081,0.4643,0.11045007922133872,0.4302,0.4273,0.4331,0.004101219330881936
2014,7,0.48455000000000004,0.4748,0.4943,0.013788582233137708,0.45030000000000003,0.4451,0.4555,0.007353910524340089
2014,8,0.4437,0.4151,0.4723,0.040446507883870476,0.47550000000000003,0.4749,0.4761,0.0008485281374239009
2014,9,0.49350000000000005,0.4722,0.5148,0.030122748878546924,0.46685,0.4624,0.4713,0.006293250352560286
2014,10,0.5182,0.5182,0.5182,,0.496,0.496,0.496,
2014,11,0.49640000000000006,0.4197,0.5731,0.1084701802340164,0.52745,0.5243,0.5306,0.0044547727214752295
2014,12,0.5588,0.5362,0.5814,0.03196122650963192,0.5339,0.5177,0.5501,0.02291025971044413
2015,1,0.5138,0.5107,0.5169,0.004384062043356583,0.57195,0.5385,0.6054,0.047305443661380044
2015,2,0.6032500000000001,0.5123,0.6942,0.12862272349783307,0.47424999999999995,0.447,0.5015,0.03853731957466678
2015,3,0.32434999999999997,0.1561,0.4926,0.23794143186927322,0.44465,0.4391,0.4502,0.007848885271170676
2015,4,0.5461,0.4228,0.6694,0.1743725322406026,0.45375,0.4298,0.4777,0.03387041481883565
2015,5,0.44615,0.4255,0.4668,0.029203510063004416,0.5164,0.5008,0.532,0.022061731573020247
2015,6,0.49575,0.4862,0.5053,0.013505739520663003,0.47155,0.4538,0.4893,0.02510229073212248
2015,7,0.44445,0.4264,0.4625,0.02552655480083438,0.4572,0.4478,0.4666,0.01329360748630712
2015,8,0.43674999999999997,0.4336,0.4399,0.004454772721475249,0.44425000000000003,0.441,0.4475,0.0045961940777125825
2015,9,0.47809999999999997,0.4576,0.4986,0.028991378028648453,0.46399999999999997,0.446,0.482,0.025455844122715714
2015,10,0.4166,0.4166,0.4166,,0.4572,0.4572,0.4572,
2015,11,0.48965,0.4738,0.5055,0.02241528496361352,0.42035,0.4111,0.4296,0.013081475451951102
2015,12,0.33640000000000003,0.236,0.4368,0.14198704166225876,0.42925,0.4026,0.4559,0.03768879143724299
2016,1,0.51135,0.5039,0.5188,0.010535891039679614,0.46404999999999996,0.4599,0.4682,0.0058689862838483455
2016,2,0.45725000000000005,0.3158,0.5987,0.20004050839767432,0.46565,0.4477,0.4836,0.025385133444597068
2016,3,0.4309,0.347,0.5148,0.11865251788310271,0.44235,0.4297,0.455,0.017889801564019644
2016,4,0.51255,0.4874,0.5377,0.03556747109368333,0.50725,0.4755,0.539,0.044901280605345824
2016,5,0.5273,0.4535,0.6011,0.10436896090313438,0.52645,0.5136,0.5393,0.018172644276494312
2016,6,0.48119999999999996,0.4418,0.5206,0.05572001435749987,0.48519999999999996,0.4719,0.4985,0.018809040379562155
2016,7,0.459,0.45,0.468,0.012727922061357866,0.4512,0.4472,0.4552,0.005656854249492385
2016,8,0.4317,0.4252,0.4382,0.009192388155425068,0.44089999999999996,0.4375,0.4443,0.004808326112068524
2016,9,0.42410000000000003,0.3937,0.4545,0.04299209229614212,0.41054999999999997,0.4056,0.4155,0.007000357133746775
2016,10,0.36924999999999997,0.3196,0.4189,0.07021570337182415,0.39380000000000004,0.3815,0.4061,0.017394826817189058
2016,11,0.4488,0.4488,0.4488,,0.4315,0.4315,0.4315,
2016,12,0.51475,0.4152,0.6143,0.14078496013424155,0.46015,0.4361,0.4842,0.03401183617507296
2017,1,0.44155,0.4315,0.4516,0.01421284630184961,0.5336000000000001,0.5258,0.5414,0.011030865786510064
2017,2,0.6188,0.5293,0.7083,0.12657211383239203,0.5716000000000001,0.5469,0.5963,0.034931074990615485
2017,3,0.58995,0.587,0.5929,0.004171930009000642,0.5265500000000001,0.5109,0.5422,0.022132442251138973
2017,4,0.38605,0.2263,0.5458,0.2259206165891019,0.46504999999999996,0.4643,0.4658,0.0010606601717798026
2017,5,0.51025,0.5081,0.5124,0.0030405591591021333,0.4719,0.4577,0.4861,0.020081832585697935
2017,6,0.4909,0.4556,0.5262,0.04992173875177025,0.51625,0.5002,0.5323,0.022698127676088187
2017,7,0.5036,0.4782,0.529,0.03592102448427664,0.49665000000000004,0.4954,0.4979,0.00176776695296639
2017,8,0.4686,0.4593,0.4779,0.013152186130069807,0.4721,0.4545,0.4897,0.02489015869776648
2017,9,0.4404,0.4153,0.4655,0.0354967604155647,0.43385,0.4238,0.4439,0.01421284630184961
2017,10,0.3853,0.3853,0.3853,,0.4055,0.4055,0.4055,
2017,11,0.41655,0.3733,0.4598,0.06116473657263632,0.43810000000000004,0.4272,0.449,0.015414927829866707
2017,12,0.5371,0.4892,0.585,0.0677408296376712,0.49455,0.4599,0.5292,0.04900249993622776
2018,1,0.4689,0.4646,0.4732,0.0060811183182043265,0.50445,0.4987,0.5102,0.008131727983645323
2018,2,0.42875,0.2043,0.6532,0.3174202340746412,0.46075,0.443,0.4785,0.02510229073212242
2018,3,0.4952,0.4024,0.588,0.1312390185882232,0.45089999999999997,0.4471,0.4547,0.005374011537017778
2018,4,0.48660000000000003,0.438,0.5352,0.06873077913133241,0.4846,0.4557,0.5135,0.04087077195258242
2018,5,0.4913,0.4548,0.5278,0.051618795026618015,0.4891,0.4789,0.4993,0.01442497833620561
2018,6,0.46575,0.4438,0.4877,0.031041987694089473,0.46355,0.4484,0.4787,0.021425335469952386
2018,7,0.43215000000000003,0.4087,0.4556,0.033163308037649095,0.43355,0.4292,0.4379,0.006151828996322934
2018,8,0.44105,0.4327,0.4494,0.011808683245815379,0.44695,0.4403,0.4536,0.009404520189781067
2018,9,0.48595,0.4391,0.5328,0.06625590539717957,0.445,0.4183,0.4717,0.03775950211536164
2018,10,0.4043,0.4043,0.4043,,0.4968,0.4968,0.4968,
2018,11,0.5914999999999999,0.3922,0.7908,0.28185276298095785,0.5233000000000001,0.5117,0.5349,0.016404877323527942
2018,12,0.4727,0.4467,0.4987,0.036769552621700445,0.4948,0.4791,0.5105,0.022203152929257522
2019,1,0.4103,0.2861,0.5345,0.17564532444673836,0.47185,0.4608,0.4829,0.015627059864222706
2019,2,0.5388,0.4241,0.6535,0.16221029560419398,0.52565,0.5194,0.5319,0.00883883476483193
2019,3,0.5427,0.4761,0.6093,0.09418662325404806,0.51855,0.4915,0.5456,0.03825447686219219
2019,4,0.45609999999999995,0.4533,0.4589,0.003959797974644681,0.47325,0.4582,0.4883,0.02128391411371509
2019,5,0.4827,0.4563,0.5091,0.0373352380466497,0.48615,0.4717,0.5006,0.02043538597629125
2019,6,0.52205,0.4587,0.5854,0.0895904291763356,0.5123,0.5105,0.5141,0.002545584412271605
2019,7,0.50395,0.4828,0.5251,0.029910616844190965,0.5125500000000001,0.5016,0.5235,0.015485638507985374
2019,8,0.5172,0.5148,0.5196,0.0033941125496953686,0.48095,0.4752,0.4867,0.008131727983645323
2019,9,0.4476,0.4107,0.4845,0.05218448045156719,0.50215,0.4975,0.5068,0.006576093065034894
2019,10,0.5784,0.5784,0.5784,,0.4884,0.4884,0.4884,
2019,11,0.46025,0.361,0.5595,0.1403606960655297,0.5011,0.4966,0.5056,0.006363961030678992
2019,12,0.54835,0.5371,0.5596,0.015909902576697294,0.54345,0.5258,0.5611,0.024960869375885087
2020,1,0.6073500000000001,0.5498,0.6649,0.08138799051457164,0.47075,0.46,0.4815,0.015202795795510746
2020,2,0.23220000000000002,0.1086,0.3558,0.17479679630931455,0.41015,0.4077,0.4126,0.0034648232278140937
2020,3,0.5272,0.5139,0.5405,0.018809040379562134,0.45335000000000003,0.4333,0.4734,0.028354981925580513
2020,4,0.5496000000000001,0.5361,0.5631,0.01909188309203684,0.54725,0.5296,0.5649,0.024960869375885163
2020,5,0.4722,0.4642,0.4802,0.01131370849898477,0.48529999999999995,0.4759,0.4947,0.013293607486307061
2020,6,0.45885,0.4207,0.497,0.05395224740453358,0.45899999999999996,0.4577,0.4603,0.001838477631085037
2020,7,0.47340000000000004,0.4621,0.4847,0.015980613254816,0.4841,0.4784,0.4898,0.008061017305526677
2020,8,0.5108999999999999,0.5082,0.5136,0.0038183766184072894,0.49095,0.4831,0.4988,0.01110157646462883
2020,9,0.47075,0.4687,0.4728,0.0028991378028648397,0.48550000000000004,0.4742,0.4968,0.015980613254816
2020,10,0.47455,0.4482,0.5009,0.03726452736853105,0.41964999999999997,0.3908,0.4485,0.04080006127446379
2020,11,0.3186,0.3186,0.3186,,0.4419,0.4419,0.4419,
2020,12,0.4229,0.4087,0.4371,0.020081832585697935,0.48395,0.4612,0.5067,0.03217335854398796
2021,1,0.64775,0.4485,0.847,0.2817820523028392,0.5966,0.572,0.6212,0.034789653634378116
2021,2,0.6376999999999999,0.6224,0.653,0.021637467504308366,0.5863499999999999,0.5735,0.5992,0.018172644276494194
2021,3,0.4551,0.443,0.4672,0.01711198410471445,0.5145,0.5118,0.5172,0.003818376618407368
2021,4,0.5067,0.4741,0.5393,0.046103362133362906,0.45704999999999996,0.4473,0.4668,0.01378858223313767
2021,5,0.41864999999999997,0.3992,0.4381,0.02750645378815671,0.44299999999999995,0.4327,0.4533,0.014566399692442864
2021,6,0.43925000000000003,0.4194,0.4591,0.028072139213105925,0.43010000000000004,0.4189,0.4413,0.01583919189857867
2021,7,0.4635,0.4354,0.4916,0.03973940110268393,0.48895,0.4714,0.5065,0.024819448019647774
2021,8,0.5191,0.5066,0.5316,0.017677669529663625,0.4718,0.4402,0.5034,0.04468914857098981
2021,9,0.36475,0.2503,0.4792,0.16185674221360072,0.42325,0.4228,0.4237,0.0006363961030679012
2021,10,0.2745,0.2745,0.2745,,0.3629,0.3629,0.3629,
2021,11,0.48785,0.4029,0.5728,0.12013744212359444,0.3356,0.3329,0.3383,0.0038183766184073484
2021,12,0.2753,0.1261,0.4245,0.21100066350606578,0.3965,0.3945,0.3985,0.0028284271247461927
2022,1,0.5005000000000001,0.4843,0.5167,0.022910259710444147,0.40549999999999997,0.3747,0.4363,0.04355777772109138
2022,2,0.4012,0.339,0.4634,0.08796408357960647,0.4716,0.4664,0.4768,0.007353910524340129
2022,3,0.48934999999999995,0.4512,0.5275,0.05395224740453354,0.4841,0.4776,0.4906,0.009192388155425106
2022,4,0.5186499999999999,0.4724,0.5649,0.06540737725975561,0.49305,0.4789,0.5072,0.02001112190757929
2022,5,0.42595,0.4174,0.4345,0.012091525958289965,0.43865,0.4344,0.4429,0.00601040764008564
2022,6,0.41369999999999996,0.4095,0.4179,0.0059396969619669926,0.43674999999999997,0.4252,0.4483,0.016334166645409234
2022,7,0.49795,0.4878,0.5081,0.014354267658086905,0.46330000000000005,0.459,0.4676,0.006081118318204287
2022,8,0.4237,0.3985,0.4489,0.035638181771801995,0.41535,0.4104,0.4203,0.007000357133746834
2022,9,0.36235,0.3197,0.405,0.060316208435212536,0.4808,0.4489,0.5127,0.04511341263970177
2022,10,0.7898,0.7898,0.7898,,0.5707,0.5707,0.5707,
2022,11,0.6213,0.5956,0.647,0.036345288552988506,0.59155,0.5815,0.6016,0.01421284630184961
2022,12,0.45185,0.4228,0.4809,0.04108290398693838,0.52565,0.4813,0.57,0.06272037149124671
2023,1,0.5281,0.4323,0.6239,0.1354816592753425,0.51745,0.5088,0.5261,0.0122329473145273
2023,2,0.6052500000000001,0.5552,0.6553,0.07078138879677334,0.5448999999999999,0.5396,0.5502,0.007495331880577481
2023,3,0.48145,0.4659,0.497,0.02199102089490164,0.54145,0.5406,0.5423,0.0012020815280171554
2023,4,0.54735,0.5179,0.5768,0.041648589411887614,0.5058,0.4965,0.5151,0.013152186130069807
2023,5,0.47895,0.4376,0.5203,0.05847773080412748,0.497,0.4913,0.5027,0.008061017305526637
2023,6,0.46575,0.4605,0.471,0.007424621202458717,0.46865,0.4667,0.4706,0.0027577164466275456
2023,7,0.456,0.4238,0.4882,0.045537676708413674,0.4639,0.4539,0.4739,0.014142135623730904
2023,8,0.45685,0.432,0.4817,0.03514320702497141,0.43789999999999996,0.4322,0.4436,0.008061017305526637
2023,9,0.4043,0.3994,0.4092,0.006929646455628187,0.4129,0.4047,0.4211,0.011596551211459359
2023,10,0.4312,0.4312,0.4312,,0.42,0.42,0.42,
2023,11,0.4255,0.4249,0.4261,0.0008485281374238421,0.4691,0.4596,0.4786,0.013435028842544414
2023,12,0.5433,0.4803,0.6063,0.08909545442950498,0.46915,0.467,0.4713,0.0030405591591021333
2024,1,0.3951,0.3836,0.4066,0.01626345596729061,0.4632,0.4527,0.4737,0.014849242404917511
2024,2,0.49570000000000003,0.4903,0.5011,0.007636753236814716,0.4357,0.4203,0.4511,0.02177888886054568
2024,3,0.43405,0.3902,0.4779,0.06201326471006022,0.4879,0.4859,0.4899,0.0028284271247461927
2024,4,0.52995,0.4993,0.5606,0.04334564568673536,0.48175,0.4814,0.4821,0.0004949747468305876
2024,5,0.4435,0.4336,0.4534,0.014000714267493669,0.47125,0.4539,0.4886,0.024536605307173165
2024,6,0.45015,0.4422,0.4581,0.011242997820866124,0.4319,0.4318,0.432,0.00014142135623729392
2024,7,0.428,0.3898,0.4662,0.05402295808265225,0.44279999999999997,0.4392,0.4464,0.00509116882454319
2024,8,0.46025,0.4488,0.4717,0.01619274528917196,0.46135000000000004,0.4581,0.4646,0.0045961940777125435
2024,9,0.46055,0.4425,0.4786,0.02552655480083438,0.4411,0.44,0.4422,0.0015556349186103902
2024,10,0.3816,0.3586,0.4046,0.03252691193458122,0.42845,0.4242,0.4327,0.00601040764008562
2024,11,0.6003,0.6003,0.6003,,0.5034,0.5034,0.5034,
2024,12,0.55435,0.4251,0.6836,0.1827871029367225,0.58175,0.5678,0.5957,0.0197282791951047
2025,1,0.62285,0.4992,0.7465,0.17486750698743325,0.59765,0.5891,0.6062,0.012091525958290005
2025,2,0.5137,0.4621,0.5653,0.07297341981845169,0.5367999999999999,0.4992,0.5744,0.05317442994522836
2025,3,0.4632,0.39,0.5364,0.10352043276571055,0.45155,0.4483,0.4548,0.0045961940777125825
